Driver,Distance,Speed,Throttle,Brake,nGear,RPM,X,Y,LapTime
SAI,0.0,292.55555555555554,99.0,False,7,11616.555555555557,1859.7688181827918,115.0178671244381,0 days 00:01:27.455000
SAI,12.441481481481482,294.6666666666667,99.0,False,7,11128.466666666667,2004.0,23.0,0 days 00:01:27.455000
SAI,26.30148148148148,297.0,99.0,False,8,10589.0,2145.457156927526,-66.00316020736798,0 days 00:01:27.455000
SAI,45.44148148148149,297.0,99.0,False,8,10658.6,2298.0,-161.0,0 days 00:01:27.455000
SAI,46.10148148148149,297.0,99.0,False,8,10661.0,2302.0619573793647,-163.5397268712837,0 days 00:01:27.455000
SAI,62.7125925925926,299.0,99.0,False,8,10678.0,2379.384438422189,-212.19628167311993,0 days 00:01:27.455000
SAI,75.46603755389674,302.0552753993084,99.0,False,8,10742.924602235304,2482.0,-277.0,0 days 00:01:27.455000
SAI,79.42187088723007,303.0,99.0,False,8,10763.0,2531.218687854842,-308.04505075860146,0 days 00:01:27.455000
SAI,94.08662432100785,305.1624992,99.0,False,8,10796.158321066667,2739.0,-439.0,0 days 00:01:27.455000
SAI,99.78162432100785,306.0,99.0,False,8,10809.0,2795.99106026024,-474.8579141835685,0 days 00:01:27.455000
SAI,130.04622635727452,308.64749952,99.0,False,8,10978.43996928,2941.0,-565.0,0 days 00:01:27.455000
SAI,134.08039302394118,309.0,99.0,False,8,11001.0,2967.5840102910856,-581.3908953920386,0 days 00:01:27.455000
SAI,152.43290689179304,310.18333297777775,99.0,False,8,11030.583324444444,3132.0,-682.0,0 days 00:01:27.455000
SAI,165.1320735584597,311.0,99.0,False,8,11051.0,3282.6769725078702,-772.6000198376455,0 days 00:01:27.455000
SAI,166.2553638350819,311.06499968,99.0,False,8,11055.09497984,3295.0,-780.0,0 days 00:01:27.455000
SAI,182.46203050174856,312.0,99.0,False,8,11114.0,3435.335867350705,-864.4118410159716,0 days 00:01:27.455000
SAI,202.7181983085634,312.97083306666667,99.0,False,8,11131.4749952,3563.0,-940.0,0 days 00:01:27.455000
SAI,216.657642741156,313.63749973333336,99.0,False,8,11143.4749952,3661.0,-996.0,0 days 00:01:27.455000
SAI,224.2459760744893,314.0,99.0,False,8,11150.0,3723.7581928498403,-1031.2703162486546,0 days 00:01:27.455000
SAI,235.81980940782265,315.65,99.0,False,8,11133.5,3827.0,-1088.0,0 days 00:01:27.455000
SAI,238.27758718560042,316.0,99.0,False,8,11130.0,3848.793832426559,-1099.6392209764722,0 days 00:01:27.455000
SAI,249.8400538522671,315.34,99.0,False,8,11131.98,3951.0,-1153.0,0 days 00:01:27.455000
SAI,255.7900538522671,315.0,99.0,False,8,11133.0,4003.6031878751387,-1180.1849650092504,0 days 00:01:27.455000
SAI,270.7167871856004,312.42,63.74,False,8,10875.0,4137.0,-1249.0,0 days 00:01:27.455000
SAI,273.1434538522671,312.0,58.0,True,8,10833.0,4158.836399595154,-1260.3490524104739,0 days 00:01:27.455000
SAI,285.48247607448934,292.24,13.920000000000003,True,8,10533.56,4275.0,-1321.0,0 days 00:01:27.455000
SAI,289.2958094078227,286.0,0.0,True,8,10439.0,4308.784904029405,-1338.6066414794116,0 days 00:01:27.455000
SAI,303.95325385226715,248.9,0.0,True,8,9225.9625,4450.0,-1412.0,0 days 00:01:27.455000
SAI,310.85325385226713,230.0,0.0,True,8,8608.0,4530.576519802594,-1453.9780058170224,0 days 00:01:27.455000
SAI,317.5849937118227,214.4625088,0.0,True,8,8136.696100266667,4613.0,-1498.0,0 days 00:01:27.455000
SAI,324.5347159340449,197.0,0.0,True,8,7607.0,4690.878433529612,-1542.3724688249936,0 days 00:01:27.455000
SAI,337.2569937118227,156.85,0.0,True,8,7298.575,4814.0,-1622.0,0 days 00:01:27.455000
SAI,338.4469937118227,153.0,0.0,True,8,7269.0,4822.094926512999,-1627.7752026675291,0 days 00:01:27.455000
SAI,346.05810482293384,137.0,0.0,True,8,7421.0,4864.420956955726,-1661.6655979414963,0 days 00:01:27.455000
SAI,348.72250482293384,133.22,0.0,True,8,7574.72,4879.0,-1675.0,0 days 00:01:27.455000
SAI,359.09860720586715,116.36750336,0.0,True,8,8260.05486336,4952.0,-1754.0,0 days 00:01:27.455000
SAI,359.3241627614227,116.0,0.0,True,5,8275.0,4953.463454085663,-1756.0530718401467,0 days 00:01:27.455000
SAI,366.3523034492279,109.05735550042581,0.0,True,5,7861.334098567038,4994.0,-1827.0,0 days 00:01:27.455000
SAI,371.23452567145017,104.0,0.0,True,3,7560.0,5008.251951820258,-1868.4139782883385,0 days 00:01:27.455000
SAI,376.6389701158946,101.33333333333333,0.0,True,3,7425.6,5013.0,-1914.0,0 days 00:01:27.455000
SAI,379.38782425811684,99.95833244444445,0.0,True,3,7356.2999552,5013.0,-1942.0,0 days 00:01:27.455000
SAI,381.2853242581168,99.0,0.0,False,3,7308.0,5011.16457708835,-1961.1867925999697,0 days 00:01:27.455000
SAI,389.6828226236553,97.20576886153846,19.138465476923077,False,3,7331.3250048,4987.0,-2040.0,0 days 00:01:27.455000
SAI,393.98854057237327,96.27692307692308,29.046153846153846,False,3,7343.4,4967.0,-2079.0,0 days 00:01:27.455000
SAI,395.26854057237324,96.0,32.0,False,3,7347.0,4956.934202030436,-2094.050007166076,0 days 00:01:27.455000
SAI,399.41814057237326,98.28,40.74,False,3,7562.08,4918.0,-2146.0,0 days 00:01:27.455000
SAI,406.4448072390399,102.0,55.0,False,3,7913.0,4880.111032679379,-2189.9624484042806,0 days 00:01:27.455000
SAI,410.88148091726214,105.7750016,60.6625024,False,3,8373.5501952,4860.0,-2210.0,0 days 00:01:27.455000
SAI,411.1464809172621,106.0,61.0,False,3,8401.0,4858.625005878329,-2211.3762399146276,0 days 00:01:27.455000
SAI,417.36870313948435,112.0,75.0,False,3,8893.0,4820.030425547764,-2250.0557542915053,0 days 00:01:27.455000
SAI,419.0240364728177,114.6,77.6,False,3,9059.585714285715,4804.0,-2266.0,0 days 00:01:27.455000
SAI,425.94625869503994,124.6,87.6,False,3,9700.3,4726.0,-2343.0,0 days 00:01:27.455000
SAI,426.92625869503996,126.0,89.0,False,3,9790.0,4718.10706841246,-2350.6689558373214,0 days 00:01:27.455000
SAI,434.59292536170665,138.0,89.0,False,3,10456.0,4689.58331985635,-2377.392361634746,0 days 00:01:27.455000
SAI,437.4178877573016,141.2481197797502,87.55639120899991,False,3,10581.774415915883,4677.0,-2390.0,0 days 00:01:27.455000
SAI,446.65623349283845,151.17293021787586,83.14536434761074,False,3,10966.085131214415,4616.0,-2455.0,0 days 00:01:27.455000
SAI,451.2929001595051,156.0,81.0,False,3,11153.0,4586.424585600578,-2489.7230293960374,0 days 00:01:27.455000
SAI,458.0041813755051,157.9124992,76.218752,False,3,10262.7316224,4547.0,-2542.0,0 days 00:01:27.455000
SAI,458.3114035977273,158.0,76.0,False,3,10222.0,4545.243246938139,-2544.5557089923605,0 days 00:01:27.455000
SAI,466.1479147088384,164.02,77.72,False,3,10662.32,4504.0,-2610.0,0 days 00:01:27.455000
SAI,467.4312480421718,165.0,78.0,False,4,10734.0,4497.888101962363,-2620.3943809980237,0 days 00:01:27.455000
SAI,475.0312480421718,171.0,78.0,False,4,11014.0,4466.176880617178,-2682.8448849463175,0 days 00:01:27.455000
SAI,476.6072558381718,171.9281232,78.9281232,False,4,11051.2280528,4460.0,-2700.0,0 days 00:01:27.455000
SAI,489.5524119581718,179.2406232,86.2406232,False,4,11344.5405528,4419.0,-2867.0,0 days 00:01:27.455000
SAI,490.90241195817174,180.0,87.0,False,4,11375.0,4416.725916044577,-2878.5287565855806,0 days 00:01:27.455000
SAI,499.03574529150507,183.0,99.0,False,4,11515.0,4412.559959929915,-2912.1492119011837,0 days 00:01:27.455000
SAI,506.0115490075051,188.8187472,99.0,False,4,10584.000448,4413.0,-2962.0,0 days 00:01:27.455000
SAI,507.43654900750505,190.0,99.0,False,4,10395.0,4412.947131755157,-2979.239148329803,0 days 00:01:27.455000
SAI,518.3809934519495,197.0,99.0,False,5,10643.0,4411.014789874574,-3157.996520821016,0 days 00:01:27.455000
SAI,521.3124823031494,199.11999744,99.0,False,5,10726.4748992,4410.0,-3196.0,0 days 00:01:27.455000
SAI,529.6833156364828,205.0,99.0,False,5,10958.0,4406.037749061088,-3257.58298907596,0 days 00:01:27.455000
SAI,540.8726489698162,209.8,99.0,False,5,11251.76,4394.0,-3309.0,0 days 00:01:27.455000
SAI,541.3393156364828,210.0,99.0,False,5,11264.0,4393.198459353302,-3312.49451962975,0 days 00:01:27.455000
SAI,555.4022408542605,217.281248,99.7281248,False,5,11605.4905312,4360.0,-3448.0,0 days 00:01:27.455000
SAI,560.7189075209271,220.0,100.0,False,5,11733.0,4343.575542577015,-3498.362485566617,0 days 00:01:27.455000
SAI,565.1549075209272,221.8,100.0,False,5,11854.05,4328.0,-3539.0,0 days 00:01:27.455000
SAI,570.6304630764827,224.0,100.0,False,5,12002.0,4306.076339801945,-3588.556243427088,0 days 00:01:27.455000
SAI,585.3718368138565,228.74545454545455,100.0,False,5,11432.545454545454,4235.0,-3714.0,0 days 00:01:27.455000
SAI,598.8340590360785,233.0,100.0,False,6,10922.0,4155.008278142843,-3813.1198375524637,0 days 00:01:27.455000
SAI,602.2076622106819,233.55714285714285,100.0,False,6,10953.385714285714,4127.0,-3840.0,0 days 00:01:27.455000
SAI,615.3021066551263,235.7,100.0,False,6,11074.1,3994.0,-3949.0,0 days 00:01:27.455000
SAI,617.1376622106819,236.0,100.0,False,6,11091.0,3977.829123369226,-3961.2223362877203,0 days 00:01:27.455000
SAI,630.4154399884596,239.0,100.0,False,6,11093.0,3892.5599110737,-4018.2764763395217,0 days 00:01:27.455000
SAI,640.5386399884597,239.76,100.0,False,6,11182.68,3809.0,-4060.0,0 days 00:01:27.455000
SAI,643.7386399884598,240.0,100.0,False,6,11211.0,3773.156439847488,-4076.6841698533485,0 days 00:01:27.455000
SAI,654.5830844329042,244.0,100.0,False,6,11341.0,3634.377310335678,-4138.514409291487,0 days 00:01:27.455000
SAI,658.1169177662375,244.65,100.0,False,6,11357.033333333333,3598.0,-4154.0,0 days 00:01:27.455000
SAI,671.0158066551263,247.0,100.0,False,6,11415.0,3515.0569627314167,-4185.008610845749,0 days 00:01:27.455000
SAI,675.9809438162455,248.2568580559574,100.0,False,6,11465.633424539998,3481.0,-4195.0,0 days 00:01:27.455000
SAI,692.8107028101888,252.44638490914872,100.0,False,6,11634.411506339991,3320.0,-4236.0,0 days 00:01:27.455000
SAI,699.0901472546333,254.0,100.0,False,6,11697.0,3261.1038633773237,-4247.861305712981,0 days 00:01:27.455000
SAI,709.8073722814777,255.51000064,100.0,False,6,11776.2750336,3163.0,-4263.0,0 days 00:01:27.455000
SAI,713.2918167259221,256.0,100.0,False,6,11802.0,3129.259898795485,-4267.125541844075,0 days 00:01:27.455000
SAI,722.7994833925887,259.3,100.0,False,6,10878.0,3035.0,-4276.0,0 days 00:01:27.455000
SAI,724.821705614811,260.0,100.0,False,6,10682.0,3014.8784855422587,-4277.337620006797,0 days 00:01:27.455000
SAI,744.7230389481443,263.4,99.15,False,6,10735.55,2818.0,-4280.0,0 days 00:01:27.455000
SAI,748.2430389481443,264.0,99.0,False,7,10745.0,2782.829481708618,-4278.4845805725345,0 days 00:01:27.455000
SAI,749.1233246624299,264.0857142857143,99.0,False,7,10744.442857142858,2774.0,-4278.0,0 days 00:01:27.455000
SAI,768.9255468846522,266.0,99.0,False,7,10732.0,2575.5835951263407,-4256.366857663713,0 days 00:01:27.455000
SAI,769.812963551319,266.225,99.0375,False,7,10740.475,2567.0,-4255.0,0 days 00:01:27.455000
SAI,786.3343524402078,270.35,99.725,False,7,10895.85,2406.0,-4220.0,0 days 00:01:27.455000
SAI,792.9832413290967,272.0,100.0,False,7,10958.0,2325.3858814544456,-4194.7698620760275,0 days 00:01:27.455000
SAI,805.1610191068745,274.0,99.0,False,7,11011.0,2172.085063327817,-4140.005317923555,0 days 00:01:27.455000
SAI,807.5998069856624,274.3636363636364,99.0,False,7,11027.145454545454,2148.0,-4131.0,0 days 00:01:27.455000
SAI,835.366779911723,278.44318254545453,99.0,False,7,11208.277305018182,1953.0,-4036.0,0 days 00:01:27.455000
SAI,839.164279911723,279.0,99.0,False,7,11233.0,1903.0077020625922,-4007.058338099996,0 days 00:01:27.455000
SAI,851.0512428746861,281.53333333333336,99.0,False,7,11316.6,1723.0,-3901.0,0 days 00:01:27.455000
SAI,857.9690206524638,283.0,99.0,False,7,11365.0,1640.9949665911404,-3851.318643529077,0 days 00:01:27.455000
SAI,879.9790206524638,284.0,99.0,False,7,11443.0,1472.5653050321946,-3743.0174382449622,0 days 00:01:27.455000
SAI,882.5061317635749,284.3,99.0,False,7,11452.5,1454.0,-3731.0,0 days 00:01:27.455000
SAI,905.4661317635749,287.0,99.0,False,7,11538.0,1275.0224706533422,-3616.2790431693556,0 days 00:01:27.455000
SAI,912.9060394839559,287.9964278857143,99.0,False,7,11568.557121828571,1212.0,-3576.0,0 days 00:01:27.455000
SAI,927.9699283728447,290.0,99.0,False,7,11630.0,1076.985561471313,-3489.6171296041257,0 days 00:01:27.455000
SAI,947.4365950395114,292.0,99.0,False,7,11705.0,919.1741863654396,-3388.590278711086,0 days 00:01:27.455000
SAI,948.572422819778,292.07000064,99.0,False,7,11706.61001472,912.0,-3384.0,0 days 00:01:27.455000
SAI,963.7107561531113,293.0,99.0,False,7,11728.0,837.3529982753013,-3336.276356397674,0 days 00:01:27.455000
SAI,974.5764251148892,294.1083328,99.0,False,7,11776.7666432,771.0,-3294.0,0 days 00:01:27.455000
SAI,993.2408695593336,296.0,99.0,False,7,11860.0,592.7498366887672,-3180.6910314678676,0 days 00:01:27.455000
SAI,995.9567237211114,296.27499946666666,99.0,False,7,11867.699985066667,568.0,-3165.0,0 days 00:01:27.455000
SAI,1013.0917237211115,298.0,99.0,False,7,11916.0,435.0414837076738,-3081.81219916486,0 days 00:01:27.455000
SAI,1020.7190348322226,298.46,99.0,False,7,11895.3,357.0,-3037.0,0 days 00:01:27.455000
SAI,1029.6890348322227,299.0,99.0,False,7,11871.0,235.21423416369612,-2970.2820580678563,0 days 00:01:27.455000
SAI,1037.3183903877782,298.54,99.0,False,7,11890.32,138.0,-2918.0,0 days 00:01:27.455000
SAI,1046.2583903877783,298.0,99.0,False,7,11913.0,64.34233194527219,-2878.8339396969063,0 days 00:01:27.455000
SAI,1063.8000392243496,296.4785718857143,77.7000064,False,7,11864.314300342858,-23.0,-2835.0,0 days 00:01:27.455000
SAI,1069.3089281132384,296.0,71.0,False,7,11849.0,-64.06129540891372,-2814.877326960846,0 days 00:01:27.455000
SAI,1081.7425281132384,294.48,62.64,False,7,11689.4,-186.0,-2762.0,0 days 00:01:27.455000
SAI,1085.6625281132385,294.0,60.0,False,7,11639.0,-233.03385751565924,-2746.10701248683,0 days 00:01:27.455000
SAI,1101.1889281132385,291.12,55.2,False,7,11535.32,-429.0,-2695.0,0 days 00:01:27.455000
SAI,1101.835594779905,291.0,55.0,False,7,11531.0,-435.398476704858,-2693.744168884744,0 days 00:01:27.455000
SAI,1121.827594779905,285.6,50.5,False,7,11370.8,-571.0,-2682.0,0 days 00:01:27.455000
SAI,1124.044261446572,285.0,50.0,False,7,11353.0,-584.7780586328432,-2680.975156749036,0 days 00:01:27.455000
SAI,1151.1442614465718,271.0,62.0,False,7,10869.0,-859.3510411061092,-2697.946059106189,0 days 00:01:27.455000
SAI,1152.1218163128829,270.70750144,62.35749824,False,7,10858.01505408,-878.0,-2703.0,0 days 00:01:27.455000
SAI,1159.5050163128828,268.48,65.08,False,7,10774.36,-1032.0,-2750.0,0 days 00:01:27.455000
SAI,1180.4650163128829,262.0,73.0,False,7,10531.0,-1188.3558046445419,-2817.7225295449743,0 days 00:01:27.455000
SAI,1193.0969331156161,262.8606964730576,91.93532240726684,False,7,10594.69153900626,-1257.0,-2869.0,0 days 00:01:27.455000
SAI,1195.1424886711716,263.0,95.0,False,7,10605.0,-1276.7649724613277,-2881.5235696520267,0 days 00:01:27.455000
SAI,1207.6258664489494,261.28,71.35,False,7,10969.64,-1423.0,-2969.0,0 days 00:01:27.455000
SAI,1224.0291997822826,259.0,40.0,False,6,11453.0,-1532.0136549955403,-3028.3670070160574,0 days 00:01:27.455000
SAI,1230.5501257082087,255.16666666666666,43.32222222222222,False,6,11400.355555555556,-1587.0,-3045.0,0 days 00:01:27.455000
SAI,1248.7145701526529,244.0,53.0,False,6,11247.0,-1838.1207788817305,-3092.124088864635,0 days 00:01:27.455000
SAI,1252.234320152653,243.675,54.7875,False,6,11230.425,-1877.0,-3097.0,0 days 00:01:27.455000
SAI,1270.2498757082085,242.0,64.0,False,6,11145.0,-1984.9909690579725,-3091.42882030372,0 days 00:01:27.455000
SAI,1273.7423016341347,241.78333333333333,64.0,False,6,11111.85,-2009.0,-3086.0,0 days 00:01:27.455000
SAI,1286.3278571896901,241.0,64.0,False,6,10992.0,-2128.876955674132,-3056.4979617218114,0 days 00:01:27.455000
SAI,1289.7977016341345,240.22,62.18,False,6,10964.7,-2163.0,-3045.0,0 days 00:01:27.455000
SAI,1297.67930299129,238.43499904,58.01499776,False,6,10902.2249664,-2236.0,-3013.0,0 days 00:01:27.455000
SAI,1299.596525213512,238.0,57.0,False,6,10887.0,-2253.245852085802,-3004.2300410081225,0 days 00:01:27.455000
SAI,1317.4319537849406,236.05714285714285,73.51428571428572,False,6,11014.257142857143,-2409.0,-2908.0,0 days 00:01:27.455000
SAI,1317.9563982293853,236.0,74.0,False,6,11018.0,-2413.4759553756267,-2904.9530249182912,0 days 00:01:27.455000
SAI,1330.5857315627186,236.8,78.8,False,6,10995.6,-2518.0,-2829.0,0 days 00:01:27.455000
SAI,1333.7457315627184,237.0,80.0,False,6,10990.0,-2542.320569489,-2809.0676549512013,0 days 00:01:27.455000
SAI,1346.912398229385,237.0,100.0,False,6,11021.0,-2639.933449293794,-2721.0853885269344,0 days 00:01:27.455000
SAI,1349.021909340496,237.32,99.84,False,6,11031.24,-2657.0,-2706.0,0 days 00:01:27.455000
SAI,1352.9209899065404,237.91000064,99.54499968,False,6,11050.12002048,-2688.0,-2679.0,0 days 00:01:27.455000
SAI,1360.1573787954294,239.0,99.0,False,6,11085.0,-2712.6121667136345,-2657.212346121125,0 days 00:01:27.455000
SAI,1370.4591966212072,245.6062528,99.9437504,False,6,11248.2688192,-2729.0,-2645.0,0 days 00:01:27.455000
SAI,1371.0741966212072,246.0,100.0,False,6,11258.0,-2732.1506781432977,-2642.647694056452,0 days 00:01:27.455000
SAI,1382.9101206594135,247.72864266013502,68.88443211756957,False,6,11328.010027735469,-2828.0,-2574.0,0 days 00:01:27.455000
SAI,1384.7701206594136,248.0,64.0,False,6,11339.0,-2844.429807823672,-2563.7866226135116,0 days 00:01:27.455000
SAI,1403.4289123607468,246.05000045714286,57.1750016,False,6,11180.075037257142,-3010.0,-2489.0,0 days 00:01:27.455000
SAI,1403.9072456940803,246.0,57.0,False,6,11176.0,-3014.4310921699143,-2487.513944687708,0 days 00:01:27.455000
SAI,1419.5204522182016,241.23409221818181,40.58409541818182,False,6,10863.568267636363,-3167.0,-2449.0,0 days 00:01:27.455000
SAI,1431.3980659200197,237.55227403636363,27.902277236363634,False,6,10622.204631272727,-3285.0,-2438.0,0 days 00:01:27.455000
SAI,1433.1755659200196,237.0,26.0,True,6,10586.0,-3302.950833058503,-2437.8544315698564,0 days 00:01:27.455000
SAI,1443.1261440960197,234.1312512,43.6906176,True,6,10533.406272,-3403.0,-2443.0,0 days 00:01:27.455000
SAI,1453.841977429353,231.0,63.0,False,6,10476.0,-3498.85813640792,-2455.3901249450614,0 days 00:01:27.455000
SAI,1458.5039399488196,229.90500096,68.10999552,False,6,10498.62998016,-3556.0,-2469.0,0 days 00:01:27.455000
SAI,1466.5472732821531,228.0,77.0,False,6,10538.0,-3690.4183835757003,-2508.378207180266,0 days 00:01:27.455000
SAI,1469.8499955043753,228.65,78.3,False,6,10567.25,-3740.0,-2524.0,0 days 00:01:27.455000
SAI,1481.9133288377086,231.0,83.0,False,6,10673.0,-3840.0795032852548,-2560.0081196260244,0 days 00:01:27.455000
SAI,1495.289672272052,227.14545454545456,43.00909090909091,False,6,10293.327272727272,-3905.0,-2597.0,0 days 00:01:27.455000
SAI,1505.2557328781127,224.23636363636365,12.827272727272726,False,6,10006.781818181818,-3993.0,-2648.0,0 days 00:01:27.455000
SAI,1509.467955100335,223.0,0.0,True,6,9885.0,-4029.557580402482,-2672.7733079072827,0 days 00:01:27.455000
SAI,1518.542566211446,214.925,0.0,True,6,9699.275,-4104.0,-2732.0,0 days 00:01:27.455000
SAI,1527.7170106558904,206.425,0.0,True,6,9503.775,-4172.0,-2796.0,0 days 00:01:27.455000
SAI,1528.1747884336683,206.0,0.0,True,6,9494.0,-4175.061642562849,-2799.1171938225734,0 days 00:01:27.455000
SAI,1536.2842699151497,192.06666666666666,0.0,True,6,9253.333333333334,-4230.0,-2862.0,0 days 00:01:27.455000
SAI,1540.7820476929276,184.0,0.0,True,6,9114.0,-4265.484766790147,-2913.326593210683,0 days 00:01:27.455000
SAI,1554.3153810262609,174.0,0.0,True,6,10600.0,-4375.200344569167,-3110.665022267008,0 days 00:01:27.455000
SAI,1554.8936310262607,173.475,0.0,True,6,10567.975,-4378.0,-3117.0,0 days 00:01:27.455000
SAI,1566.600853248483,162.1,0.0,True,6,9874.1,-4404.0,-3216.0,0 days 00:01:27.455000
SAI,1568.7341865818164,160.0,0.0,True,4,9746.0,-4407.274118200055,-3235.6505203295487,0 days 00:01:27.455000
SAI,1575.3292976929274,156.2,0.0,True,4,9404.95,-4417.0,-3304.0,0 days 00:01:27.455000
SAI,1575.6759643595942,156.0,0.0,True,4,9387.0,-4417.340274467412,-3307.561618409761,0 days 00:01:27.455000
SAI,1590.2759643595941,146.0,10.0,False,4,9114.0,-4414.517209591303,-3457.406947389468,0 days 00:01:27.455000
SAI,1590.7620340111453,145.82089546535974,11.731343834855748,False,4,9084.268647249719,-4414.0,-3462.0,0 days 00:01:27.455000
SAI,1593.2174610529617,144.910448369496,20.53233242820535,False,4,8933.134429336336,-4411.0,-3485.0,0 days 00:01:27.455000
SAI,1598.301905497406,143.0,39.0,False,4,8616.0,-4401.96756340696,-3532.795090173232,0 days 00:01:27.455000
SAI,1606.410905497406,137.7,4.549999999999999,False,4,8535.616666666667,-4376.0,-3612.0,0 days 00:01:27.455000
SAI,1607.4764610529614,137.0,0.0,True,4,8525.0,-4371.2019417555475,-3622.5904596956534,0 days 00:01:27.455000
SAI,1613.8936138307392,134.3125,29.5625,True,4,8587.8875,-4337.0,-3685.0,0 days 00:01:27.455000
SAI,1619.320280497406,132.0,55.0,False,4,8642.0,-4307.806176985384,-3725.554002608055,0 days 00:01:27.455000
SAI,1622.7083082751838,132.575,55.0,False,4,8696.625,-4287.0,-3748.0,0 days 00:01:27.455000
SAI,1625.2205304974061,133.0,55.0,False,4,8737.0,-4269.183306928762,-3764.6328748346295,0 days 00:01:27.455000
SAI,1630.8896218055966,135.15714377142857,63.08928914285714,False,4,8992.621536914286,-4224.0,-3800.0,0 days 00:01:27.455000
SAI,1635.7987884722634,137.0,70.0,False,4,9211.0,-4182.370578055723,-3825.4630954438717,0 days 00:01:27.455000
SAI,1639.3576890026336,140.79166933333335,70.0,False,4,9326.266747733333,-4148.0,-3841.0,0 days 00:01:27.455000
SAI,1645.4418556693004,147.0,70.0,False,4,9515.0,-4078.1274100447945,-3862.544004211222,0 days 00:01:27.455000
SAI,1652.1529667804116,151.0,79.0,False,4,9778.0,-3999.793683684543,-3879.1583547308073,0 days 00:01:27.455000
SAI,1652.615195951967,151.2750016,79.0916672,False,4,9800.458464,-3995.0,-3880.0,0 days 00:01:27.455000
SAI,1662.6021403964114,157.0,81.0,False,4,10268.0,-3911.2688883409382,-3889.0776379256467,0 days 00:01:27.455000
SAI,1668.5856820630781,163.1875,88.425,False,4,10536.95,-3861.0,-3891.0,0 days 00:01:27.455000
SAI,1677.116927871967,171.578128,98.4937536,False,4,10901.6626304,-3777.0,-3893.0,0 days 00:01:27.455000
SAI,1677.546927871967,172.0,99.0,False,4,10920.0,-3772.234892111694,-3893.0796070029264,0 days 00:01:27.455000
SAI,1689.546927871967,180.0,99.0,False,4,11684.0,-3630.4999960313085,-3894.5676363002817,0 days 00:01:27.455000
SAI,1693.146927871967,180.0,98.64,False,4,11678.24,-3591.0,-3895.0,0 days 00:01:27.455000
SAI,1699.546927871967,180.0,98.0,False,4,11668.0,-3529.5196008590055,-3895.8921331025567,0 days 00:01:27.455000
SAI,1712.346927871967,192.0,99.0,False,5,10582.0,-3427.9041133016776,-3899.395411645089,0 days 00:01:27.455000
SAI,1715.1642593339182,195.04602428893074,99.0,False,5,10689.045996439565,-3402.0,-3901.0,0 days 00:01:27.455000
SAI,1724.2495218546476,204.41840671640992,99.0,False,5,11018.418293176692,-3313.0,-3908.0,0 days 00:01:27.455000
SAI,1725.7945218546477,206.0,99.0,False,5,11074.0,-3297.32352768421,-3909.4839733275458,0 days 00:01:27.455000
SAI,1737.0115885213143,210.32,99.0,False,5,11305.84,-3186.0,-3922.0,0 days 00:01:27.455000
SAI,1747.7907669211365,214.39249856,99.0,False,5,11524.39742272,-3085.0,-3936.0,0 days 00:01:27.455000
SAI,1749.4032669211365,215.0,99.0,False,5,11557.0,-3066.609460338914,-3938.677875426109,0 days 00:01:27.455000
SAI,1762.5966938624697,222.9874976,99.0,False,5,11705.56745536,-2904.0,-3963.0,0 days 00:01:27.455000
SAI,1774.543916084692,230.0,99.0,False,5,11836.0,-2810.9565940496477,-3978.2378693831915,0 days 00:01:27.455000
SAI,1781.8520340900252,232.8249984,99.0,False,5,11358.01027072,-2755.0,-3988.0,0 days 00:01:27.455000
SAI,1787.5312007566918,235.0,99.0,False,5,10990.0,-2702.1171065198714,-3997.2726494173526,0 days 00:01:27.455000
SAI,1794.947895809621,236.2840901818182,99.0,False,5,11041.877243345454,-2627.0,-4011.0,0 days 00:01:27.455000
SAI,1806.8643730459846,238.32954472727272,99.0,False,5,11124.513606981818,-2510.0,-4035.0,0 days 00:01:27.455000
SAI,1816.6643730459848,240.0,99.0,False,6,11192.0,-2414.105999374642,-4056.3045785988556,0 days 00:01:27.455000
SAI,1825.7030160187846,244.65499776,99.0,False,6,11274.45996032,-2326.0,-4076.0,0 days 00:01:27.455000
SAI,1830.2999604632291,247.0,99.0,False,6,11316.0,-2280.922179680286,-4085.7886370629053,0 days 00:01:27.455000
SAI,1839.4473771298958,249.475,99.0,False,6,11438.1,-2191.0,-4104.0,0 days 00:01:27.455000
SAI,1841.3918215743402,250.0,99.0,False,6,11464.0,-2171.800039988078,-4107.469133450231,0 days 00:01:27.455000
SAI,1854.9811549076735,254.8,99.0,False,6,11665.6,-2040.0,-4127.0,0 days 00:01:27.455000
SAI,1855.54782157434,255.0,99.0,False,6,11674.0,-2034.5732448913795,-4127.6261528140585,0 days 00:01:27.455000
SAI,1869.825599352118,257.0,99.0,False,6,11817.0,-1893.7868102507525,-4138.575633152414,0 days 00:01:27.455000
SAI,1870.6828910187846,257.1875,99.0,False,6,11778.375,-1884.0,-4139.0,0 days 00:01:27.455000
SAI,1888.1522529310068,260.953124,99.0,False,6,11002.656456,-1667.0,-4143.0,0 days 00:01:27.455000
SAI,1893.028364042118,262.0,99.0,False,6,10787.0,-1618.4109090531556,-4142.9302914885575,0 days 00:01:27.455000
SAI,1913.1450307087848,266.25,99.0,False,6,10815.05,-1461.0,-4138.0,0 days 00:01:27.455000
SAI,1916.7050307087848,267.0,99.0,False,7,10820.0,-1427.2906557495885,-4136.3844685025015,0 days 00:01:27.455000
SAI,1925.1449797493774,268.8833322666667,99.0,False,7,10807.2875072,-1342.0,-4132.0,0 days 00:01:27.455000
SAI,1934.7052575271553,271.0,99.0,False,7,10793.0,-1247.961846064511,-4126.934335909616,0 days 00:01:27.455000
SAI,1940.1458289557265,272.0285714285714,99.0,False,7,10831.57142857143,-1192.0,-4124.0,0 days 00:01:27.455000
SAI,1956.0347178446152,275.0,99.0,False,7,10943.0,-1009.5008512265225,-4115.273717829595,0 days 00:01:27.455000
SAI,1964.7109990695042,276.4124992,99.0,False,7,11023.041621333334,-902.0,-4111.0,0 days 00:01:27.455000
SAI,1974.5182212917266,278.0,99.0,False,7,11113.0,-776.7625227857962,-4106.939794402669,0 days 00:01:27.455000
SAI,1991.1011008786218,280.2740211869657,99.0,False,7,11231.249101722215,-577.0,-4102.0,0 days 00:01:27.455000
SAI,1996.4088786563996,281.0,99.0,False,7,11269.0,-523.7699387977649,-4100.955706882978,0 days 00:01:27.455000
SAI,2008.9422119897329,282.0,99.0,False,7,11290.0,-419.46284747073645,-4099.519682796458,0 days 00:01:27.455000
SAI,2021.6088786563996,285.0,99.0,False,7,11374.0,-330.5603523422336,-4098.693853319815,0 days 00:01:27.455000
SAI,2028.9039675452884,285.46,99.0,False,7,11402.98,-278.0,-4098.0,0 days 00:01:27.455000
SAI,2037.4839675452888,286.0,99.0,False,7,11437.0,-214.90652776851604,-4096.978539575314,0 days 00:01:27.455000
SAI,2050.1950786564,286.0,99.0,False,7,11490.0,-116.17270159112388,-4095.0810239894845,0 days 00:01:27.455000
SAI,2063.8816099443998,288.1375008,99.0,False,7,11547.1781464,39.0,-4093.0,0 days 00:01:27.455000
SAI,2075.8843877221775,290.0,99.0,False,7,11597.0,216.63137888479923,-4091.307511293772,0 days 00:01:27.455000
SAI,2078.4621654999555,290.0,99.0,False,7,11597.0,248.0,-4091.0,0 days 00:01:27.455000
SAI,2088.7732766110666,290.0,99.0,False,7,11597.0,328.9806349966407,-4090.0388970671615,0 days 00:01:27.455000
SAI,2099.4308099443997,290.66,99.0,False,7,11655.08,393.0,-4089.0,0 days 00:01:27.455000
SAI,2104.927476611066,291.0,99.0,False,7,11685.0,440.7428965852604,-4088.242348671972,0 days 00:01:27.455000
SAI,2113.9106719297333,291.3468752,99.0,False,7,11203.1903472,538.0,-4088.0,0 days 00:01:27.455000
SAI,2130.862894151955,292.0,99.0,False,7,10296.0,770.137852034928,-4096.989352925936,0 days 00:01:27.455000
SAI,2139.961857114918,292.46666666666664,99.0,False,7,10357.133333333333,876.0,-4104.0,0 days 00:01:27.455000
SAI,2150.379634892696,293.0,99.0,False,8,10427.0,955.8671328045758,-4112.213689168631,0 days 00:01:27.455000
SAI,2166.0916348926958,294.6,99.0,False,8,10487.266666666666,1051.0,-4131.0,0 days 00:01:27.455000
SAI,2179.904968226029,296.0,99.0,False,8,10540.0,1183.7007517458085,-4161.5819791302265,0 days 00:01:27.455000
SAI,2184.1805237815843,296.0,99.0,False,8,10545.07,1227.0,-4173.0,0 days 00:01:27.455000
SAI,2198.9805237815845,296.0,99.0,False,8,10562.62,1370.0,-4217.0,0 days 00:01:27.455000
SAI,2212.7938571149175,296.0,99.0,False,8,10579.0,1493.4693813251051,-4259.194319647013,0 days 00:01:27.455000
SAI,2220.3701161842614,296.4623114091059,99.0,False,8,10581.31155704553,1575.0,-4288.0,0 days 00:01:27.455000
SAI,2229.1976161842613,297.0,99.0,False,8,10584.0,1692.8538169134786,-4329.9034455598485,0 days 00:01:27.455000
SAI,2241.860756792262,297.9562496,99.0,False,8,10629.8999808,1871.0,-4393.0,0 days 00:01:27.455000
SAI,2242.440201236706,298.0,99.0,False,8,10632.0,1878.1963311944817,-4395.517112190953,0 days 00:01:27.455000
SAI,2275.8846456811502,301.0,99.0,False,8,10715.0,2184.3464479153477,-4497.049278938457,0 days 00:01:27.455000
SAI,2280.3135962049278,300.8343752,99.0,False,8,10716.1593736,2226.0,-4510.0,0 days 00:01:27.455000
SAI,2302.563596204928,300.0,99.0,False,8,10722.0,2459.4211595742076,-4580.799158914424,0 days 00:01:27.455000
SAI,2308.6561812662617,300.4562496,99.0,False,8,10739.10936,2514.0,-4597.0,0 days 00:01:27.455000
SAI,2329.3767368218173,302.0,99.0,False,8,10797.0,2645.6996670675744,-4634.5936843848085,0 days 00:01:27.455000
SAI,2340.4984701551502,303.32,99.0,False,8,10820.76,2726.0,-4655.0,0 days 00:01:27.455000
SAI,2346.240692377373,304.0,99.0,False,8,10833.0,2777.948448305196,-4667.634012620719,0 days 00:01:27.455000
SAI,2355.7420257107055,305.4,99.0,False,8,10871.85,2874.0,-4690.0,0 days 00:01:27.455000
SAI,2373.5375812662614,308.0,99.0,False,8,10944.0,3062.7487022295472,-4728.900000285347,0 days 00:01:27.455000
SAI,2383.141581266261,308.7,99.0,False,8,10984.6,3176.0,-4747.0,0 days 00:01:27.455000
SAI,2387.261581266261,309.0,99.0,False,8,11002.0,3227.9262080478056,-4753.958307947565,0 days 00:01:27.455000
SAI,2414.9949145995947,312.0,99.0,False,8,11075.0,3582.311799134103,-4787.1733141606965,0 days 00:01:27.455000
SAI,2419.503928488484,312.1625,99.0,False,8,11088.0,3622.0,-4790.0,0 days 00:01:27.455000
SAI,2442.805039599595,313.0,99.0,False,8,11155.0,3744.992092629595,-4794.018511531698,0 days 00:01:27.455000
SAI,2447.3324099699653,313.43333333333334,99.0,False,8,11159.983333333334,3778.0,-4794.0,0 days 00:01:27.455000
SAI,2463.16697707278,314.94166613333334,99.0,False,8,11177.329160533332,3936.0,-4793.0,0 days 00:01:27.455000
SAI,2463.7794770727805,315.0,99.0,False,8,11178.0,3942.232547104925,-4792.879176668041,0 days 00:01:27.455000
SAI,2484.2298115462618,315.97083306666667,99.0,False,8,11241.104149333334,4146.0,-4784.0,0 days 00:01:27.455000
SAI,2484.844255990706,316.0,99.0,False,8,11243.0,4152.806995676622,-4783.562804315311,0 days 00:01:27.455000
SAI,2502.4553671018175,317.0,99.0,False,8,11302.0,4363.940816921364,-4767.423675166788,0 days 00:01:27.455000
SAI,2507.126634410383,317.29362850634965,99.0,False,8,11308.900269899217,4414.0,-4763.0,0 days 00:01:27.455000
SAI,2531.9256802685086,318.8448753187591,99.0,False,8,11345.354569990837,4624.0,-4739.0,0 days 00:01:27.455000
SAI,2534.40679137962,319.0,99.0,False,8,11349.0,4647.03109690941,-4735.684052672479,0 days 00:01:27.455000
SAI,2555.0112913796197,319.725,99.0,False,8,11393.95,4852.0,-4703.0,0 days 00:01:27.455000
SAI,2562.8335136018422,320.0,99.0,False,8,11411.0,4916.988886327908,-4691.668692877778,0 days 00:01:27.455000
SAI,2581.7091691573983,320.53,99.0,False,8,11418.42,5113.0,-4647.0,0 days 00:01:27.455000
SAI,2595.8834670811316,320.92750016,99.0,False,8,11423.98500224,5372.0,-4577.0,0 days 00:01:27.455000
SAI,2598.469300414465,321.0,99.0,False,8,11425.0,5402.277005136675,-4568.584247276478,0 days 00:01:27.455000
SAI,2619.1285608482426,321.96250026666667,99.0,False,8,11466.387511466666,5475.0,-4545.0,0 days 00:01:27.455000
SAI,2619.9335608482425,322.0,99.0,False,8,11468.0,5479.630047558711,-4543.473151312845,0 days 00:01:27.455000
SAI,2640.809264551946,323.93333333333334,99.0,False,8,11496.033333333333,5680.0,-4479.0,0 days 00:01:27.455000
SAI,2641.529264551946,324.0,99.0,False,8,11497.0,5687.266421512004,-4476.595482863774,0 days 00:01:27.455000
SAI,2660.6092645519457,324.0,99.0,False,8,11513.5625,5868.0,-4415.0,0 days 00:01:27.455000
SAI,2670.329264551946,324.0,99.0,False,8,11522.0,5959.590240667536,-4384.160770796616,0 days 00:01:27.455000
SAI,2687.6519312186124,324.8,99.0,False,8,11563.6,6124.0,-4329.0,0 days 00:01:27.455000
SAI,2691.985264551946,325.0,99.0,False,8,11574.0,6165.06234133436,-4314.913314715402,0 days 00:01:27.455000
SAI,2703.9170562186123,325.4125,99.0,False,8,11590.9125,6278.0,-4276.0,0 days 00:01:27.455000
SAI,2720.941500663057,326.0,99.0,False,8,11615.0,6439.417143939061,-4221.9568040519625,0 days 00:01:27.455000
SAI,2723.7506296352476,326.22142902857144,99.0,False,8,11616.107145142858,6466.0,-4213.0,0 days 00:01:27.455000
SAI,2740.217320111438,327.51428571428573,99.0,False,8,11622.57142857143,6621.0,-4160.0,0 days 00:01:27.455000
SAI,2746.4128756669934,328.0,99.0,False,8,11625.0,6679.466977742542,-4139.956389127002,0 days 00:01:27.455000
SAI,2756.617320111438,328.0,99.0,False,8,11628.36,6776.0,-4107.0,0 days 00:01:27.455000
SAI,2771.195097889216,328.0,99.0,False,8,11633.16,6914.0,-4060.0,0 days 00:01:27.455000
SAI,2782.857320111438,328.0,99.0,False,8,11637.0,7024.755989800669,-4020.4461279397296,0 days 00:01:27.455000
SAI,2789.423320111438,328.3,99.0,False,8,11646.6,7086.0,-3998.0,0 days 00:01:27.455000
SAI,2804.7766534447715,329.0,99.0,False,8,11669.0,7225.003873697677,-3945.8359899280986,0 days 00:01:27.455000
SAI,2805.873431532031,329.033426177885,99.0,False,8,11671.373258629837,7235.0,-3942.0,0 days 00:01:27.455000
SAI,2827.8535615144037,329.7019497355856,99.0,False,8,11718.838431226575,7439.0,-3861.0,0 days 00:01:27.455000
SAI,2837.661894847737,330.0,99.0,False,8,11740.0,7530.373513358413,-3822.8127341674017,0 days 00:01:27.455000
SAI,2851.686894847737,330.0,99.0,False,8,11709.946441142858,7658.0,-3768.0,0 days 00:01:27.455000
SAI,2863.328561514404,330.0,99.0,False,8,11685.0,7757.9421018724815,-3724.466472890907,0 days 00:01:27.455000
SAI,2873.7046295599152,330.56499968,99.0,False,8,11703.64498944,7860.0,-3679.0,0 days 00:01:27.455000
SAI,2881.703796226582,331.0,99.0,False,8,11718.0,7957.234037713986,-3634.913397847334,0 days 00:01:27.455000
SAI,2895.771296226582,331.0,99.0,False,8,11739.674990933334,8127.0,-3557.0,0 days 00:01:27.455000
SAI,2903.7704628932484,331.0,99.0,False,8,11752.0,8188.78946346589,-3528.2262036261577,0 days 00:01:27.455000
SAI,2919.584907337693,331.0,99.0,False,8,11783.533333333333,8277.0,-3486.0,0 days 00:01:27.455000
SAI,2925.837129559915,331.0,99.0,False,8,11796.0,8324.209788428321,-3463.2809001146065,0 days 00:01:27.455000
SAI,2949.007129559915,331.0,99.0,False,8,11764.5,8542.0,-3358.0,0 days 00:01:27.455000
SAI,2955.259351782137,331.0,99.0,False,8,11756.0,8598.897973309533,-3330.2504823316835,0 days 00:01:27.455000
SAI,2967.35568511547,329.9,66.55,False,8,11562.4,8707.0,-3277.0,0 days 00:01:27.455000
SAI,2977.2256851154702,329.0,40.0,False,8,11404.0,8797.067853929302,-3231.8460382389194,0 days 00:01:27.455000
SAI,2981.852096226581,320.29,34.8,False,8,11199.12,8838.0,-3211.0,0 days 00:01:27.455000
SAI,3003.115762893248,273.39,6.800000000000002,False,8,10095.92,9045.0,-3099.0,0 days 00:01:27.455000
SAI,3008.0646517821365,262.0,0.0,True,8,9828.0,9116.50840314662,-3057.8531796337893,0 days 00:01:27.455000
SAI,3015.7366517821365,246.6,0.0,True,8,9044.0,9236.0,-2988.0,0 days 00:01:27.455000
SAI,3023.8788740043587,229.0,0.0,True,8,8148.0,9323.32204616239,-2935.5441912562533,0 days 00:01:27.455000
SAI,3038.423318448803,187.0,0.0,True,8,8162.0,9377.478375201146,-2895.5366768790846,0 days 00:01:27.455000
SAI,3042.967096226581,177.8,0.0,True,8,8379.185714285713,9400.0,-2878.0,0 days 00:01:27.455000
SAI,3050.198679846136,161.7000064,0.0,True,8,8759.2605632,9457.0,-2833.0,0 days 00:01:27.455000
SAI,3051.3911798461363,159.0,0.0,True,8,8823.0,9468.643662533694,-2822.711838628965,0 days 00:01:27.455000
SAI,3059.3911798461363,144.0,0.0,True,6,8888.0,9558.80026484832,-2734.4450568879643,0 days 00:01:27.455000
SAI,3059.9090371636307,143.4066417677389,0.0,True,6,8915.02477039662,9563.0,-2730.0,0 days 00:01:27.455000
SAI,3068.332370496964,133.0,0.0,True,5,9389.0,9599.160128649048,-2683.8170789372343,0 days 00:01:27.455000
SAI,3069.4980001265935,131.13333333333333,0.0,True,5,9313.666666666666,9603.0,-2678.0,0 days 00:01:27.455000
SAI,3076.3735556821493,119.0,0.0,True,3,8824.0,9634.528273762657,-2630.9346495247746,0 days 00:01:27.455000
SAI,3081.755305580816,113.29999786666667,0.0,True,3,8341.874819555556,9660.0,-2569.0,0 days 00:01:27.455000
SAI,3087.1484352104458,107.26666666666667,0.0,True,3,7831.555555555556,9678.0,-2484.0,0 days 00:01:27.455000
SAI,3087.3862129882236,107.0,0.0,True,3,7809.0,9678.461158151902,-2481.2700537068845,0 days 00:01:27.455000
SAI,3095.4072006425445,98.88888888888889,0.0,True,3,7144.7,9675.0,-2439.0,0 days 00:01:27.455000
SAI,3097.2394228647668,97.0,0.0,True,3,6990.0,9669.575045359077,-2424.3199971189365,0 days 00:01:27.455000
SAI,3100.6952561981,94.25,3.85,True,3,6985.05,9655.0,-2389.0,0 days 00:01:27.455000
SAI,3103.4552561981004,92.0,7.0,False,3,6981.0,9639.931842877735,-2362.900238188046,0 days 00:01:27.455000
SAI,3108.418811753656,93.06666666666666,26.733333333333334,False,3,7205.0,9610.0,-2323.0,0 days 00:01:27.455000
SAI,3112.8054784203227,94.0,44.0,False,3,7401.0,9581.82119076024,-2289.85673056824,0 days 00:01:27.455000
SAI,3113.093120783878,94.1375008,44.0,False,3,7404.1166848,9579.0,-2287.0,0 days 00:01:27.455000
SAI,3118.4894124505445,96.65,44.0,False,3,7461.066666666667,9511.0,-2224.0,0 days 00:01:27.455000
SAI,3119.2438568949888,97.0,44.0,False,3,7469.0,9503.561413297493,-2217.336593469373,0 days 00:01:27.455000
SAI,3127.2549680060997,103.0,58.0,False,3,8007.0,9468.49917572846,-2188.181970994977,0 days 00:01:27.455000
SAI,3129.3653680060997,105.52,61.6,False,3,8265.84,9458.0,-2180.0,0 days 00:01:27.455000
SAI,3133.276479117211,110.0,68.0,False,3,8726.0,9431.708123322473,-2159.2592318661314,0 days 00:01:27.455000
SAI,3136.787933352944,113.88500224,70.22000128,False,3,8985.74014976,9401.0,-2134.0,0 days 00:01:27.455000
SAI,3139.680433352944,117.0,72.0,False,3,9194.0,9371.069385135375,-2108.3633056201884,0 days 00:01:27.455000
SAI,3147.914592083103,127.77142857142857,62.05714285714286,False,3,9690.314285714287,9289.0,-2035.0,0 days 00:01:27.455000
SAI,3149.6479254164365,130.0,60.0,False,3,9793.0,9276.742257379983,-2023.4422502177872,0 days 00:01:27.455000
SAI,3159.9145920831033,132.0,48.0,False,3,9971.0,9233.126699184026,-1975.2172873203533,0 days 00:01:27.455000
SAI,3162.530491671147,130.79497940218124,40.167366114178115,False,3,9865.560697690858,9221.0,-1959.0,0 days 00:01:27.455000
SAI,3168.4682694489247,128.0,22.0,True,3,9621.0,9186.987633818113,-1910.4243276852058,0 days 00:01:27.455000
SAI,3171.0120153276803,125.44500224,19.81000192,True,3,9395.06519808,9174.0,-1888.0,0 days 00:01:27.455000
SAI,3172.390293130347,124.04500224,18.610001920000002,True,3,9271.26519808,9168.0,-1876.0,0 days 00:01:27.455000
SAI,3175.3144597970136,121.0,16.0,True,3,9002.0,9155.948011827488,-1851.0901182412847,0 days 00:01:27.455000
SAI,3180.3269098514133,117.94000128,14.47000064,True,3,8881.13005056,9138.0,-1803.0,0 days 00:01:27.455000
SAI,3181.8544098514135,117.0,14.0,False,3,8844.0,9133.49480381062,-1783.9959806565923,0 days 00:01:27.455000
SAI,3189.1755719574876,113.11666773333333,7.204168533333333,False,3,8419.745949866667,9119.0,-1679.0,0 days 00:01:27.455000
SAI,3189.3952941797097,113.0,7.0,True,3,8407.0,9118.802149102887,-1676.4989412380073,0 days 00:01:27.455000
SAI,3194.239738624154,109.0,4.0,True,3,7936.0,9118.220493739374,-1633.9270717719148,0 days 00:01:27.455000
SAI,3201.511072923932,103.4656264,0.8375008000000002,True,3,7359.6345208,9129.0,-1590.0,0 days 00:01:27.455000
SAI,3203.4094062572653,102.0,0.0,True,3,7207.0,9133.253829264526,-1574.076246974055,0 days 00:01:27.455000
SAI,3207.6760729239318,96.0,0.0,True,3,7150.0,9146.444398936947,-1529.6566901235822,0 days 00:01:27.455000
SAI,3208.5515354327317,95.50500096,2.96999424,True,3,7142.74001408,9150.0,-1520.0,0 days 00:01:27.455000
SAI,3212.8657020993983,93.0,18.0,True,3,7106.0,9171.773480953592,-1470.6675846203045,0 days 00:01:27.455000
SAI,3214.213208272238,93.28888888888889,21.033333333333335,True,3,7143.266666666666,9178.0,-1458.0,0 days 00:01:27.455000
SAI,3222.3409860500155,95.0,39.0,False,3,7364.0,9204.049904397316,-1416.0073651716589,0 days 00:01:27.455000
SAI,3224.293808447476,96.30357028571429,41.60714057142857,False,3,7473.760618057143,9213.0,-1404.0,0 days 00:01:27.455000
SAI,3229.241169558587,99.5,48.0,False,3,7742.9,9243.0,-1365.0,0 days 00:01:27.455000
SAI,3230.018947336365,100.0,49.0,False,3,7785.0,9248.151415886461,-1358.9591393684848,0 days 00:01:27.455000
SAI,3235.608280669698,104.8,54.6,False,3,8093.8,9286.0,-1321.0,0 days 00:01:27.455000
SAI,3237.0216140030316,106.0,56.0,False,3,8171.0,9296.517717032077,-1312.283222890114,0 days 00:01:27.455000
SAI,3243.4719102993276,109.53333333333333,58.65,False,3,8432.466666666667,9348.0,-1277.0,0 days 00:01:27.455000
SAI,3244.327465854883,110.0,59.0,False,3,8467.0,9355.307094586824,-1272.6714132930608,0 days 00:01:27.455000
SAI,3249.890697233846,115.76666453333333,64.76666453333333,False,3,8815.402648888889,9403.0,-1248.0,0 days 00:01:27.455000
SAI,3255.237808344957,121.06666666666666,70.06666666666666,False,3,9135.611111111111,9451.0,-1230.0,0 days 00:01:27.455000
SAI,3256.1866972338457,122.0,71.0,False,3,9192.0,9459.950171314253,-1227.3881141211493,0 days 00:01:27.455000
SAI,3261.524993530142,126.43333333333334,72.9,False,3,9671.433333333332,9511.0,-1216.0,0 days 00:01:27.455000
SAI,3264.6783268634754,129.0,74.0,False,3,9949.0,9542.03253951309,-1211.1750828451438,0 days 00:01:27.455000
SAI,3270.978054884943,131.85477254234624,81.85062449145215,False,3,10414.327924402436,9605.0,-1205.0,0 days 00:01:27.455000
SAI,3273.5272215516097,133.0,85.0,False,3,10601.0,9630.745466415645,-1203.5367458243948,0 days 00:01:27.455000
SAI,3278.7426882182763,142.24,94.24,False,3,11105.9,9684.0,-1202.0,0 days 00:01:27.455000
SAI,3281.519354884943,147.0,99.0,False,3,11366.0,9716.048585469629,-1201.5952534938865,0 days 00:01:27.455000
SAI,3289.768954884943,154.68,99.0,False,3,11567.12,9813.0,-1201.0,0 days 00:01:27.455000
SAI,3299.1867326627207,163.0,99.0,False,3,11785.0,9896.707348731257,-1198.7831691362185,0 days 00:01:27.455000
SAI,3303.4502511812393,166.83333333333334,91.84444444444445,False,3,11669.744444444445,9932.0,-1197.0,0 days 00:01:27.455000
SAI,3316.7013622923505,178.0,71.0,False,4,11334.0,10052.589420478243,-1179.1323774783114,0 days 00:01:27.455000
SAI,3318.288917847906,178.6,67.8,False,4,11349.4,10073.0,-1172.0,0 days 00:01:27.455000
SAI,3324.7244734034616,181.0,55.0,False,4,11411.0,10168.318223723265,-1130.9293527114708,0 days 00:01:27.455000
SAI,3327.322017847906,179.83,49.41,False,4,11319.22,10200.0,-1116.0,0 days 00:01:27.455000
SAI,3339.8872400701284,173.98,21.459999999999997,False,4,10860.32,10266.0,-1073.0,0 days 00:01:27.455000
SAI,3344.091684514573,172.0,12.0,True,4,10705.0,10295.859494603057,-1045.137401168041,0 days 00:01:27.455000
SAI,3354.918934514573,154.675,2.5500000000000003,True,4,9797.0125,10403.0,-934.0,0 days 00:01:27.455000
SAI,3357.7522678479063,150.0,0.0,True,4,9552.0,10421.682689864989,-908.1337807900356,0 days 00:01:27.455000
SAI,3360.6250285732394,145.6611072,0.0,True,4,9489.874944,10438.0,-883.0,0 days 00:01:27.455000
SAI,3366.699300178178,135.82222222222222,0.0,True,4,9349.0,10472.0,-830.0,0 days 00:01:27.455000
SAI,3371.250411289289,128.0,0.0,True,4,9237.0,10493.31234816014,-791.825207700741,0 days 00:01:27.455000
SAI,3376.8181149929924,116.53333333333333,0.0,True,4,8723.15,10518.0,-736.0,0 days 00:01:27.455000
SAI,3378.933670548548,112.0,0.0,True,3,8520.0,10528.434650541582,-708.4694016013568,0 days 00:01:27.455000
SAI,3383.4700261041035,107.44,0.0,True,3,8121.76,10550.0,-644.0,0 days 00:01:27.455000
SAI,3384.883359437437,106.0,0.0,True,3,7996.0,10554.820833896034,-626.6813305434586,0 days 00:01:27.455000
SAI,3393.683359437437,99.0,0.0,True,3,7008.0,10565.802933128187,-545.5443532582736,0 days 00:01:27.455000
SAI,3394.55269277077,97.8,0.39999999999999997,True,3,6971.0,10566.0,-539.0,0 days 00:01:27.455000
SAI,3397.859359437437,93.0,2.0,True,3,6823.0,10565.903837877686,-514.5249786815392,0 days 00:01:27.455000
SAI,3403.834359437437,90.0,21.0,False,3,6744.0,10555.35893209728,-472.3850927226334,0 days 00:01:27.455000
SAI,3404.158968235659,89.8916672,21.3791648,False,3,6746.979152,10554.0,-470.0,0 days 00:01:27.455000
SAI,3408.0948941852885,88.55833386666667,26.045831466666666,False,3,6783.645818666667,10531.0,-441.0,0 days 00:01:27.455000
SAI,3409.7326719630664,88.0,28.0,False,3,6799.0,10518.952084843182,-430.9540596030273,0 days 00:01:27.455000
SAI,3414.621560851955,88.0,37.0,False,3,6773.0,10475.031473675866,-406.65187131114556,0 days 00:01:27.455000
SAI,3415.930771252133,88.92749888,37.92749888,False,3,6795.65747264,10461.0,-399.0,0 days 00:01:27.455000
SAI,3421.0389906965775,92.41,41.410000000000004,False,3,6880.73,10406.0,-365.0,0 days 00:01:27.455000
SAI,3424.944546252133,95.0,44.0,False,3,6944.0,10386.679950712474,-341.07076628945975,0 days 00:01:27.455000
SAI,3427.8826795854666,94.44,27.2,False,3,7103.04,10381.0,-319.0,0 days 00:01:27.455000
SAI,3430.1804573632444,94.0,14.0,False,3,7228.0,10378.94028460126,-296.59355854610266,0 days 00:01:27.455000
SAI,3432.5679851410223,93.425,19.75,False,3,7062.975,10379.0,-271.0,0 days 00:01:27.455000
SAI,3434.324651807689,93.0,24.0,False,3,6941.0,10380.465172237567,-252.43945343503287,0 days 00:01:27.455000
SAI,3440.255688844726,92.03333333333333,39.46666666666667,False,3,7028.0,10392.0,-191.0,0 days 00:01:27.455000
SAI,3440.4601332891702,92.0,40.0,False,3,7031.0,10392.456873802012,-188.91434782564465,0 days 00:01:27.455000
SAI,3445.005948520815,94.59499904,52.10999552,False,3,7503.28982528,10403.0,-144.0,0 days 00:01:27.455000
SAI,3445.718448520815,95.0,54.0,False,3,7577.0,10404.805672902236,-136.9218855405573,0 days 00:01:27.455000
SAI,3450.40408344145,98.07142857142857,52.77142857142857,False,3,7812.885714285714,10417.0,-91.0,0 days 00:01:27.455000
SAI,3453.40408344145,100.0,52.0,False,3,7961.0,10424.480966658803,-61.13042685218336,0 days 00:01:27.455000
SAI,3456.0184167747834,102.3,55.833333333333336,False,3,8115.866666666667,10431.0,-36.0,0 days 00:01:27.455000
SAI,3460.376194552561,106.0,62.0,False,3,8365.0,10442.42996355281,2.692939021694426,0 days 00:01:27.455000
SAI,3462.550194552561,108.7,64.25,False,3,8497.525,10449.0,24.0,0 days 00:01:27.455000
SAI,3470.67908344145,118.0,72.0,False,3,8954.0,10477.300330037542,115.40966105525686,0 days 00:01:27.455000
SAI,3473.008226298593,116.45714285714286,53.74285714285715,False,3,8750.085714285715,10485.0,139.0,0 days 00:01:27.455000
SAI,3479.479337409704,112.0,1.0,True,3,8161.0,10503.381967962396,189.8445357298615,0 days 00:01:27.455000
SAI,3482.2418865763952,108.09975000095761,0.7705735294680945,True,3,8160.311720588405,10512.0,212.0,0 days 00:01:27.455000
SAI,3486.7710990068817,101.2743152158508,0.36907736563828286,True,3,8159.107232096915,10529.0,256.0,0 days 00:01:27.455000
SAI,3490.6766545624373,95.0,0.0,True,2,8158.0,10542.160326303692,294.91499854599374,0 days 00:01:27.455000
SAI,3493.5668767846596,92.9,0.0,True,2,7962.0,10550.0,323.0,0 days 00:01:27.455000
SAI,3494.7935434513265,92.0,0.0,True,2,7878.0,10552.798924925011,334.7763134838295,0 days 00:01:27.455000
SAI,3498.7490990068823,89.0,0.0,True,2,7494.0,10559.32461808773,373.0226585420927,0 days 00:01:27.455000
SAI,3500.4776704354535,86.42857142857143,0.0,True,2,7410.685714285714,10560.0,390.0,0 days 00:01:27.455000
SAI,3503.623096934501,81.46428342857143,0.0,True,2,7249.8427830857145,10557.0,422.0,0 days 00:01:27.455000
SAI,3505.1372636011674,79.0,0.0,True,2,7170.0,10553.814295048898,436.43704897392115,0 days 00:01:27.455000
SAI,3507.577619156723,78.44,0.0,True,2,6928.08,10546.0,458.0,0 days 00:01:27.455000
SAI,3509.4842858233897,78.0,0.0,True,2,6738.0,10537.081099919043,473.9992250559677,0 days 00:01:27.455000
SAI,3513.149319156723,76.71,9.89,True,2,6767.67,10514.0,503.0,0 days 00:01:27.455000
SAI,3517.736319156723,75.06,22.54,True,2,6805.62,10478.0,535.0,0 days 00:01:27.455000
SAI,3517.9029858233894,75.0,23.0,False,2,6807.0,10476.556642971722,535.9712793647109,0 days 00:01:27.455000
SAI,3518.9988376752412,75.86666666666666,26.322222222222223,False,2,6911.144444444444,10467.0,542.0,0 days 00:01:27.455000
SAI,3525.928837675241,81.0,46.0,False,2,7528.0,10408.414619456367,575.7653356009345,0 days 00:01:27.455000
SAI,3526.6539170403207,81.57142857142857,45.885714285714286,False,2,7514.057142857143,10402.0,579.0,0 days 00:01:27.455000
SAI,3531.3840757704793,85.14285714285714,45.17142857142857,False,2,7426.914285714286,10360.0,598.0,0 days 00:01:27.455000
SAI,3532.530742437146,86.0,45.0,False,2,7406.0,10349.299236983303,602.3818010065625,0 days 00:01:27.455000
SAI,3535.280194874479,89.1714304,49.3607168,False,2,7366.7535488,10324.0,612.0,0 days 00:01:27.455000
SAI,3539.4738615411457,93.77142857142857,55.68571428571428,False,2,7309.828571428571,10285.0,624.0,0 days 00:01:27.455000
SAI,3539.6827504300345,94.0,56.0,False,3,7307.0,10282.640307394608,624.6200562777536,0 days 00:01:27.455000
SAI,3548.420917096701,100.825,67.7,False,3,8238.125,10172.0,649.0,0 days 00:01:27.455000
SAI,3548.6453615411456,101.0,68.0,False,3,8262.0,10169.846948531265,649.4238037104644,0 days 00:01:27.455000
SAI,3557.900917096701,119.0,80.0,False,3,9281.0,10118.33479903394,656.6100749549386,0 days 00:01:27.455000
SAI,3561.083094874479,124.52,88.74,False,3,9683.04,10083.0,659.0,0 days 00:01:27.455000
SAI,3565.0130948744786,131.0,99.0,False,3,10155.0,10019.72865567623,662.991120071176,0 days 00:01:27.455000
SAI,3569.277391170775,137.06666666666666,99.0,False,3,10621.666666666666,9949.0,667.0,0 days 00:01:27.455000
SAI,3574.397391170775,144.0,99.0,False,3,11155.0,9887.295362855893,669.5045078997737,0 days 00:01:27.455000
SAI,3585.2251367433073,154.68207960760483,99.0,False,3,11074.39885386989,9802.0,671.0,0 days 00:01:27.455000
SAI,3597.536803409974,166.0,99.0,False,4,10989.0,9705.676105612045,674.4652400660532,0 days 00:01:27.455000
SAI,3601.9452616606404,170.6499968,99.0,False,4,11245.67982336,9657.0,676.0,0 days 00:01:27.455000
SAI,3607.1763727717516,176.0,99.0,False,4,11541.0,9586.707027610135,677.9010949568403,0 days 00:01:27.455000
SAI,3615.893428327307,182.45,99.0,False,4,11871.383333333333,9470.0,681.0,0 days 00:01:27.455000
SAI,3619.3878727717515,185.0,99.0,False,4,12002.0,9436.113159657574,682.1154966389242,0 days 00:01:27.455000
SAI,3630.0225394384183,199.4,99.0,False,4,11195.6,9357.0,685.0,0 days 00:01:27.455000
SAI,3630.4669838828627,200.0,99.0,False,4,11162.0,9353.024359728579,685.1163329350693,0 days 00:01:27.455000
SAI,3645.128483882863,209.45,99.0,False,4,11307.6875,9205.0,689.0,0 days 00:01:27.455000
SAI,3649.132928327307,212.0,99.0,False,5,11347.0,9167.437684535967,690.3670623715918,0 days 00:01:27.455000
SAI,3655.8155949939737,214.8,99.0,False,5,11510.418181818182,9099.0,693.0,0 days 00:01:27.455000
SAI,3674.3405949939734,222.3,99.0,False,5,11948.145454545454,8830.0,701.0,0 days 00:01:27.455000
SAI,3676.075039438418,223.0,99.0,False,5,11989.0,8812.98088895844,701.4609152812399,0 days 00:01:27.455000
SAI,3694.873350549529,231.76,99.0,False,5,11234.18,8715.0,704.0,0 days 00:01:27.455000
SAI,3701.923350549529,235.0,99.0,False,6,10955.0,8656.724280157941,705.8825535035729,0 days 00:01:27.455000
SAI,3713.407933882862,240.375,99.0,False,6,11092.6,8530.0,710.0,0 days 00:01:27.455000
SAI,3723.4801561050845,245.0,99.0,False,6,11211.0,8399.315646150471,713.9096153059168,0 days 00:01:27.455000
SAI,3729.7706561050845,246.15,99.0,False,6,11234.0,8327.0,716.0,0 days 00:01:27.455000
SAI,3734.43621166064,247.0,99.0,False,6,11251.0,8284.459787513331,717.2046880781876,0 days 00:01:27.455000
SAI,3751.369544993973,254.0,99.0,False,6,11539.0,8184.183779916233,719.6688630503417,0 days 00:01:27.455000
SAI,3760.829969859908,256.0716505064973,99.0,False,6,11676.55759363142,8062.0,722.0,0 days 00:01:27.455000
SAI,3772.2491858916515,258.54828751118504,99.0,False,6,11841.006290742687,7847.0,726.0,0 days 00:01:27.455000
SAI,3774.3355747805413,259.0,99.0,False,6,11871.0,7817.494825414916,726.580800731676,0 days 00:01:27.455000
SAI,3788.9466858916517,263.0,99.0,False,6,11031.0,7734.177824028603,728.6997901066309,0 days 00:01:27.455000
SAI,3798.6003852379627,265.29250112,99.0,False,6,10972.70497152,7686.0,730.0,0 days 00:01:27.455000
SAI,3818.775385237963,270.0,99.0,False,7,10853.0,7474.589081771484,734.4665334510795,0 days 00:01:27.455000
SAI,3821.177755608333,270.26666666666665,99.0,False,7,10871.0,7449.0,735.0,0 days 00:01:27.455000
SAI,3836.8933111638885,272.0,99.0,False,7,10988.0,7302.40898730116,738.1353115945444,0 days 00:01:27.455000
SAI,3845.3555333861113,272.0,99.0,False,7,11022.72,7223.0,740.0,0 days 00:01:27.455000
SAI,3852.004422275,272.0,99.0,False,7,11050.0,7155.539254880476,741.6871997499907,0 days 00:01:27.455000
SAI,3857.403873695444,273.7750016,99.0,False,7,11097.1361536,7100.0,743.0,0 days 00:01:27.455000
SAI,3879.241929375444,280.7750016,99.0,False,7,11283.025042488889,6884.0,747.0,0 days 00:01:27.455000
SAI,3879.944429375444,281.0,99.0,False,7,11289.0,6876.932257154566,747.1436722924486,0 days 00:01:27.455000
SAI,3896.5962441902593,282.76666666666665,99.0,False,7,11376.45,6712.0,751.0,0 days 00:01:27.455000
SAI,3898.7973553013708,283.0,99.0,False,7,11388.0,6692.036862653677,751.5293163938435,0 days 00:01:27.455000
SAI,3911.5084664124815,286.0,99.0,False,7,11485.0,6568.046156352656,754.7247278967124,0 days 00:01:27.455000
SAI,3912.462199745815,286.12,99.0,False,7,11486.5,6555.0,755.0,0 days 00:01:27.455000
SAI,3927.5021997458152,288.0,99.0,False,7,11510.0,6297.298371330986,759.7327398940657,0 days 00:01:27.455000
SAI,3928.462599745815,288.12,99.0,False,7,11520.2,6283.0,760.0,0 days 00:01:27.455000
SAI,3943.607044190259,290.0,99.0,False,7,11680.0,6136.504314018754,763.1550037107712,0 days 00:01:27.455000
SAI,3966.3959330791477,293.0,99.0,False,7,10977.0,6018.898934989206,767.2370538973918,0 days 00:01:27.455000
SAI,3968.9203233596813,293.15500032,99.0,False,7,10883.53480704,5993.0,768.0,0 days 00:01:27.455000
SAI,3982.7219900263476,294.0,99.0,False,8,10374.0,5813.249992468258,773.0729434667866,0 days 00:01:27.455000
SAI,3985.337693730051,294.26666666666665,99.0,False,8,10393.733333333334,5781.0,774.0,0 days 00:01:27.455000
SAI,4002.439915952273,296.0,99.0,False,8,10522.0,5622.572579032367,778.9171367047692,0 days 00:01:27.455000
SAI,4019.964660396718,297.59,99.0,False,8,10584.01,5484.0,784.0,0 days 00:01:27.455000
SAI,4033.2442159522734,298.79,99.0,False,8,10630.81,5352.0,789.0,0 days 00:01:27.455000
SAI,4035.5697715078295,299.0,99.0,False,8,10639.0,5328.641137733137,789.821880787913,0 days 00:01:27.455000
SAI,4048.274438174496,300.9,99.0,False,8,10639.0,5203.0,794.0,0 days 00:01:27.455000
SAI,4048.9433270633845,301.0,99.0,False,8,10639.0,5196.354212893384,794.2278998754063,0 days 00:01:27.455000
SAI,4065.5819381744955,301.0,99.0,False,8,10735.0,5029.640760138178,800.114481188931,0 days 00:01:27.455000
SAI,4068.342617338229,301.16499968,99.0,False,8,10742.91998464,5002.0,801.0,0 days 00:01:27.455000
SAI,4082.3520617826734,302.0,99.0,False,8,10783.0,4862.543593594164,805.0912402538867,0 days 00:01:27.455000
SAI,4088.4918107767057,302.7821421714286,99.0,False,8,10812.98211657143,4801.0,808.0,0 days 00:01:27.455000
SAI,4091.860818705594,303.2107136,99.0,False,8,10829.410688,4767.0,810.0,0 days 00:01:27.455000
SAI,4106.009429816705,305.0,99.0,False,8,10898.0,4624.054035810548,814.7753920730253,0 days 00:01:27.455000
SAI,4110.42437426115,305.65,99.0,False,8,10921.4,4581.0,816.0,0 days 00:01:27.455000
SAI,4119.634374261149,307.0,99.0,False,8,10970.0,4495.325357098526,819.0497713085632,0 days 00:01:27.455000
SAI,4129.306232574393,308.12999936,99.0,False,8,11006.15997952,4393.0,823.0,0 days 00:01:27.455000
SAI,4136.773732574394,309.0,99.0,False,8,11034.0,4292.207940479734,826.5903573992241,0 days 00:01:27.455000
SAI,4155.213763777061,311.6624992,99.0,False,8,11087.249984,4014.0,836.0,0 days 00:01:27.455000
SAI,4157.553763777061,312.0,99.0,False,8,11094.0,3983.661400076685,837.0261910010149,0 days 00:01:27.455000
SAI,4188.953763777061,314.0,99.0,False,8,11208.0,3694.2316455538057,846.9426576085787,0 days 00:01:27.455000
SAI,4193.5005859992825,314.78,99.0,False,8,11222.56,3664.0,848.0,0 days 00:01:27.455000
SAI,4206.532808221505,317.0,99.0,False,8,11264.0,3589.654199529611,850.6345548090536,0 days 00:01:27.455000
SAI,4216.41245266595,317.56,99.0,False,8,11294.8,3523.0,853.0,0 days 00:01:27.455000
SAI,4224.185785999282,318.0,99.0,False,8,11319.0,3453.7750764790194,855.4406860406594,0 days 00:01:27.455000
SAI,4239.413360073357,318.71666666666664,99.0,False,8,11350.533333333333,3294.0,861.0,0 days 00:01:27.455000
SAI,4245.4389156289135,319.0,99.0,False,8,11363.0,3232.1699635336427,863.0995902913527,0 days 00:01:27.455000
SAI,4262.545339871337,320.74545454545455,99.0,False,8,11425.4,3062.0,869.0,0 days 00:01:27.455000
SAI,4267.900188356186,321.2909090909091,99.0,False,8,11444.9,3009.0,871.0,0 days 00:01:27.455000
SAI,4284.767966133964,323.0,99.0,False,8,11506.0,2838.8529765791086,876.9429767981334,0 days 00:01:27.455000
SAI,4287.64026243026,323.1333333333333,99.0,False,8,11508.0,2810.0,878.0,0 days 00:01:27.455000
SAI,4305.728633943148,323.97083306666667,99.0,False,8,11520.562496,2631.0,885.0,0 days 00:01:27.455000
SAI,4306.358633943149,324.0,99.0,False,8,11521.0,2624.7480371130346,885.2317997630151,0 days 00:01:27.455000
SAI,4328.115578387593,325.0,99.0,False,8,11591.0,2407.3260566799654,892.4726407151738,0 days 00:01:27.455000
SAI,4332.816282091298,325.43333333333334,99.0,False,8,11605.083333333334,2360.0,894.0,0 days 00:01:27.455000
SAI,4349.8929487579635,327.0,99.0,False,8,11656.0,2188.780739235525,899.6375645412774,0 days 00:01:27.455000
SAI,4350.983248757963,327.09,99.0,False,8,11659.45,2178.0,900.0,0 days 00:01:27.455000
SAI,4359.998642521164,327.83250048,99.0,False,8,11687.9125184,2087.0,903.0,0 days 00:01:27.455000
SAI,4386.4903091878305,330.0,99.0,False,8,11771.0,1719.883457859451,911.777681096911,0 days 00:01:27.455000
SAI,4394.84156035198,330.37916693333335,99.0,False,8,11771.758333866666,1611.0,914.0,0 days 00:01:27.455000
SAI,4408.5412825742005,331.0,99.0,False,8,11773.0,1463.3987778845592,916.7567269525292,0 days 00:01:27.455000
SAI,4423.296838129757,332.0,99.0,False,8,11802.0,1341.8539836843709,918.8594876289916,0 days 00:01:27.455000
SAI,4424.4035047964235,332.0,99.0,False,8,11802.8,1334.0,919.0,0 days 00:01:27.455000
SAI,4445.430171463089,332.0,99.0,False,8,11818.0,1216.2474686153475,921.2510449070119,0 days 00:01:27.455000
SAI,4461.369435351978,333.6125,99.0,False,8,11845.4125,1075.0,924.0,0 days 00:01:27.455000
SAI,4475.1416575742005,335.0,99.0,False,8,11869.0,866.9106131357909,927.9534872276929,0 days 00:01:27.455000
SAI,4487.424990907533,335.0,99.0,False,8,11888.3875,704.0,931.0,0 days 00:01:27.455000
SAI,4504.919435351978,335.0,99.0,False,8,11916.0,619.941721298204,932.4761545748206,0 days 00:01:27.455000
SAI,4509.762079796423,335.26,99.0,False,8,11925.1,593.0,933.0,0 days 00:01:27.455000
SAI,4523.575413129755,336.0,99.0,False,8,11951.0,465.11686848946755,935.6386300799008,0 days 00:01:27.455000
SAI,4534.050524240866,336.7,99.0,False,8,11929.3,350.0,938.0,0 days 00:01:27.455000
SAI,4538.5438575742,337.0,99.0,False,8,11920.0,302.5748029654469,938.9471205715796,0 days 00:01:27.455000
SAI,4554.644968685311,337.0,99.0,False,8,11941.5,144.0,942.0,0 days 00:01:27.455000
SAI,4557.266079796423,337.0,99.0,False,8,11945.0,120.38101251453585,942.4409352655487,0 days 00:01:27.455000
SAI,4579.732746463089,337.0,99.0,False,8,11998.0,-93.07051594780815,946.2499484222124,0 days 00:01:27.455000
SAI,4582.729724240867,337.16,99.0,False,8,11996.4,-136.0,947.0,0 days 00:01:27.455000
SAI,4598.5030575742,338.0,99.0,False,8,11988.0,-402.2952507037824,951.7171994722086,0 days 00:01:27.455000
SAI,4599.629724240867,338.0,99.0,False,8,11990.0,-417.0,952.0,0 days 00:01:27.455000
SAI,4621.036390907533,338.0,99.0,False,8,12028.0,-540.6505892452262,955.2587106044541,0 days 00:01:27.455000
SAI,4625.922368685311,338.26,99.0,False,8,12030.73,-568.0,956.0,0 days 00:01:27.455000
SAI,4648.553035351977,339.46,99.0,False,8,12043.33,-779.0,962.0,0 days 00:01:27.455000
SAI,4658.753035351978,340.0,99.0,False,8,12049.0,-887.1162323115551,967.8453542467415,0 days 00:01:27.455000
SAI,4671.175601797284,338.7972666901479,99.0,False,8,12030.658317024756,-1016.0,977.0,0 days 00:01:27.455000
SAI,4695.380400577815,336.43735756721895,99.0,False,8,11994.66970290009,-1265.0,1000.0,0 days 00:01:27.455000
SAI,4699.860400577813,336.0,99.0,False,8,11988.0,-1328.3805237232093,1006.432584778785,0 days 00:01:27.455000
SAI,4713.530079590159,323.75555555555553,58.04444444444444,False,8,11220.4,-1537.0,1028.0,0 days 00:01:27.455000
SAI,4731.267857367937,307.0,2.0,True,8,10170.0,-1656.860968580379,1040.659043483432,0 days 00:01:27.455000
SAI,4744.086635145715,268.3,1.14,True,8,9393.85,-1753.0,1050.0,0 days 00:01:27.455000
SAI,4755.476635145715,227.8,0.23999999999999996,True,8,8581.6,-1946.0,1068.0,0 days 00:01:27.455000
SAI,4758.369968479048,217.0,0.0,True,8,8365.0,-1984.5469495129441,1071.5041735071218,0 days 00:01:27.455000
SAI,4769.536635145715,201.0,0.0,True,7,8274.0,-2053.842927367896,1077.0667574208974,0 days 00:01:27.455000
SAI,4777.103760553715,178.0500096,0.0,True,7,8495.424907377777,-2090.0,1078.0,0 days 00:01:27.455000
SAI,4785.556260553715,147.0,0.0,True,7,8795.0,-2174.123298398731,1079.3095111897944,0 days 00:01:27.455000
SAI,4789.91918546453,138.99583786666668,0.0,True,7,8704.6000512,-2222.0,1079.0,0 days 00:01:27.455000
SAI,4794.50529657564,130.0,0.0,True,7,8603.0,-2268.9564452750615,1077.234866589346,0 days 00:01:27.455000
SAI,4794.936185464529,129.26666666666668,0.0,True,7,8615.533333333333,-2273.0,1077.0,0 days 00:01:27.455000
SAI,4800.849518797863,118.26666666666667,0.0,True,7,8803.533333333333,-2333.0,1071.0,0 days 00:01:27.455000
SAI,4805.889518797863,108.0,0.0,True,4,8979.0,-2417.7352905728553,1056.9859240707417,0 days 00:01:27.455000
SAI,4807.454438471006,106.29643062857143,0.0,True,4,8834.19660342857,-2440.0,1053.0,0 days 00:01:27.455000
SAI,4813.6969384710055,99.0,0.0,True,2,8214.0,-2479.1660272234685,1044.5239756655374,0 days 00:01:27.455000
SAI,4817.67700765925,94.26479656369776,0.0,True,2,7835.183725095821,-2498.0,1034.0,0 days 00:01:27.455000
SAI,4821.855063214805,89.0,0.0,True,2,7414.0,-2541.817100304448,1009.1838809679308,0 days 00:01:27.455000
SAI,4824.542188181917,87.14999893333334,0.0,True,2,7198.474875733334,-2569.0,992.0,0 days 00:01:27.455000
SAI,4827.58802151525,85.0,0.0,True,2,6948.0,-2588.3633812841854,975.9446874671295,0 days 00:01:27.455000
SAI,4830.965799293028,76.0,0.0,True,2,6571.0,-2601.336946191464,957.3919833272622,0 days 00:01:27.455000
SAI,4831.619131466658,75.87083306666666,0.0,True,2,6520.883229866667,-2604.0,953.0,0 days 00:01:27.455000
SAI,4835.973298133324,75.0,0.0,False,2,6183.0,-2623.0688895525177,916.7278169095658,0 days 00:01:27.455000
SAI,4837.424459219191,73.57999872,0.0,False,2,6047.03487744,-2628.0,903.0,0 days 00:01:27.455000
SAI,4839.968625885857,71.0,0.0,False,2,5800.0,-2633.635211511645,877.3713754900411,0 days 00:01:27.455000
SAI,4840.204692552524,70.82,0.42000000000000004,False,2,5818.78,-2634.0,875.0,0 days 00:01:27.455000
SAI,4843.755803663635,68.0,7.0,False,2,6113.0,-2636.9569134875874,839.1382857984075,0 days 00:01:27.455000
SAI,4843.982756044587,68.08571428571429,8.157142857142857,False,2,6117.071428571428,-2637.0,837.0,0 days 00:01:27.455000
SAI,4849.193867155698,70.0,34.0,False,2,6208.0,-2631.4153332811916,788.3734313486017,0 days 00:01:27.455000
SAI,4849.8196449334755,70.4,34.93333333333333,False,2,6285.333333333333,-2629.0,780.0,0 days 00:01:27.455000
SAI,4853.43134288992,72.6375008,40.15416853333333,False,2,6717.916821333333,-2610.0,726.0,0 days 00:01:27.455000
SAI,4854.019398445476,73.0,41.0,False,2,6788.0,-2607.4538020181,719.5569640386132,0 days 00:01:27.455000
SAI,4859.839226173638,77.31136465454546,47.15909236363636,False,2,7426.697878109091,-2590.0,689.0,0 days 00:01:27.455000
SAI,4863.5947817291935,80.0,51.0,False,2,7825.0,-2569.1784636029824,659.7106955578765,0 days 00:01:27.455000
SAI,4866.739865062527,85.775,58.0125,False,2,8018.875,-2550.0,635.0,0 days 00:01:27.455000
SAI,4871.422365062527,93.65,67.575,False,2,8283.25,-2519.0,603.0,0 days 00:01:27.455000
SAI,4871.631253951416,94.0,68.0,False,2,8295.0,-2516.8697084853143,601.102045110846,0 days 00:01:27.455000
SAI,4878.24969839586,102.7,71.86666666666666,False,2,8794.766666666666,-2436.0,534.0,0 days 00:01:27.455000
SAI,4878.478587284749,103.0,72.0,False,2,8812.0,-2433.7723983353485,532.1677561373158,0 days 00:01:27.455000
SAI,4884.645253951416,111.0,74.0,False,2,8517.0,-2401.770023242559,505.285628243617,0 days 00:01:27.455000
SAI,4890.0230317291935,121.0,84.0,False,3,9388.0,-2380.1308450670213,492.0180918951486,0 days 00:01:27.455000
SAI,4892.488031729194,123.25,84.9,False,3,9639.55,-2358.0,480.0,0 days 00:01:27.455000
SAI,4895.5680317291935,126.0,86.0,False,3,9947.0,-2320.4328957658345,460.1687460252442,0 days 00:01:27.455000
SAI,4902.024601173638,135.1375,92.9875,False,3,10690.9,-2240.0,418.0,0 days 00:01:27.455000
SAI,4907.9034900625265,143.0,99.0,False,3,11331.0,-2206.60713596909,399.24704503812075,0 days 00:01:27.455000
SAI,4912.591934506971,150.7,99.0,False,3,11716.7,-2184.0,385.0,0 days 00:01:27.455000
SAI,4914.645267840304,154.0,99.0,False,3,11882.0,-2170.6608594973172,376.4646356392705,0 days 00:01:27.455000
SAI,4925.578601173637,164.0,99.0,False,3,10771.0,-2078.181864365236,316.67538730702614,0 days 00:01:27.455000
SAI,4927.9474900625255,164.0,99.0,False,3,10843.930788254274,-2057.0,303.0,0 days 00:01:27.455000
SAI,4932.82193450697,164.0,99.0,False,4,10994.0,-2013.482419878816,275.3117451028094,0 days 00:01:27.455000
SAI,4933.416084795097,164.53392594285714,99.0,False,4,10998.526763428572,-2008.0,272.0,0 days 00:01:27.455000
SAI,4997.424112572875,209.67142857142858,99.0,False,4,11381.214285714286,-1412.0,93.0,0 days 00:01:27.455000
SAI,4997.890779239541,210.0,99.0,False,5,11384.0,-1408.1148487539458,93.25800375286386,0 days 00:01:27.455000
SAI,5020.615286018208,219.3249984,99.0,False,5,11820.40992512,-1230.0,135.0,0 days 00:01:27.455000
SAI,5022.265286018208,220.0,99.0,False,5,11852.0,-1214.9476460518167,139.9877057847871,0 days 00:01:27.455000
SAI,5030.441952684875,223.0,99.0,False,5,11553.5,-1137.0,168.0,0 days 00:01:27.455000
SAI,5046.974275917199,228.9090909090909,99.0,False,5,10965.545454545454,-972.0,243.0,0 days 00:01:27.455000
SAI,5050.040942583865,230.0,99.0,False,5,10857.0,-935.0277631743932,260.6471224359791,0 days 00:01:27.455000
SAI,5062.666009250532,236.72,99.0,False,5,11044.2,-782.0,334.0,0 days 00:01:27.455000
SAI,5063.192675917198,237.0,99.0,False,6,11052.0,-776.7045759218255,336.53521207005997,0 days 00:01:27.455000
SAI,5087.295024887106,245.80299232765964,99.0,False,6,11412.04238620128,-610.0,416.0,0 days 00:01:27.455000
SAI,5090.588358220439,247.0,99.0,False,6,11461.0,-583.6795672160757,428.5747845453244,0 days 00:01:27.455000
SAI,5104.6439137759935,253.0,99.0,False,6,11489.0,-455.3879902385099,488.5128273478434,0 days 00:01:27.455000
SAI,5108.301040760121,253.18571428571428,99.0,False,6,11546.942857142858,-421.0,503.0,0 days 00:01:27.455000
SAI,5122.335871129899,253.8964288,99.0,False,6,11768.6857856,-290.0,550.0,0 days 00:01:27.455000
SAI,5124.38198224101,254.0,99.0,False,6,11801.0,-270.76900839628473,555.6504313793141,0 days 00:01:27.455000
SAI,5136.62466199501,257.7406264,99.0,False,6,11277.312304,-151.0,584.0,0 days 00:01:27.455000
SAI,5147.42716199501,261.0,99.0,False,6,10821.0,-24.202498635840648,605.6507396126701,0 days 00:01:27.455000
SAI,5152.65616199501,261.45,99.0,False,6,10640.1,34.0,614.0,0 days 00:01:27.455000
SAI,5159.060606439454,262.0,99.0,False,7,10419.0,96.20987249629594,621.6229028250463,0 days 00:01:27.455000
SAI,5173.782828661677,265.0,99.0,False,7,10612.0,214.85624260885905,629.5727372011933,0 days 00:01:27.455000
SAI,5180.50060876775,265.75833386666665,99.0,False,7,10612.0,283.0,631.0,0 days 00:01:27.455000
SAI,5191.551442101084,267.0,99.0,False,7,10612.0,421.43508873649364,631.1038602913216,0 days 00:01:27.455000
SAI,5198.386530989973,267.46,99.0,False,7,10719.18,504.0,629.0,0 days 00:01:27.455000
SAI,5206.426530989973,268.0,99.0,False,7,10845.0,584.6347429201155,623.8795236675933,0 days 00:01:27.455000
SAI,5229.991197656639,271.9,99.0,False,7,11015.625,771.0,590.0,0 days 00:01:27.455000
SAI,5230.595642101084,272.0,99.0,False,7,11020.0,776.5646425919989,588.6608219574432,0 days 00:01:27.455000
SAI,5245.873419878861,275.0,99.0,False,7,11151.0,925.5680152081985,549.4076407263543,0 days 00:01:27.455000
SAI,5246.790530989972,275.1333333333333,99.0,False,7,11154.7,934.0,547.0,0 days 00:01:27.455000
SAI,5262.19917296528,277.35555555555555,99.0,False,7,11216.366666666667,1083.0,499.0,0 days 00:01:27.455000
SAI,5273.669172965279,279.0,99.0,False,7,11262.0,1271.8840070859424,429.1744391847879,0 days 00:01:27.455000
SAI,5276.151543335651,279.26666666666665,99.0,False,7,11275.333333333334,1309.0,415.0,0 days 00:01:27.455000
SAI,5292.387098891206,281.0,99.0,False,7,11362.0,1456.8165193872574,353.98555530213747,0 days 00:01:27.455000
SAI,5310.709575081682,284.3142857142857,99.0,False,7,11463.914285714285,1589.0,278.0,0 days 00:01:27.455000
SAI,5314.509575081682,285.0,99.0,False,7,11485.0,1635.074145331206,250.82828218015862,0 days 00:01:27.455000
SAI,5326.61421705699,286.68888888888887,99.0,False,7,11513.288888888888,1796.0,155.0,0 days 00:01:27.455000
SAI,5341.2909300561005,288.72222293333334,99.0,False,7,11547.347234133333,1915.7658810180915,81.2666135438126,0 days 00:01:27.455000
LEC,0.0,291.40000000000003,99.0,False,7,11507.4,1884.9723781285097,98.48455323417656,0 days 00:01:27.382000
LEC,8.191131162864199,291.9611107555556,99.0,False,7,11328.405668977777,1954.0,54.0,0 days 00:01:27.382000
LEC,23.41085338508642,293.0,99.0,False,7,10997.0,2082.242464198856,-25.793200504548782,0 days 00:01:27.382000
LEC,26.0992075468642,293.27499946666666,99.0,False,7,10947.775095466666,2105.0,-40.0,0 days 00:01:27.382000
LEC,40.837957520197534,294.77499946666666,99.0,False,7,10679.275095466666,2230.0,-119.0,0 days 00:01:27.382000
LEC,52.9246241868642,296.0,99.0,False,8,10460.0,2333.259337955751,-183.8944215005428,0 days 00:01:27.382000
LEC,67.25298873175308,298.1624992,99.0,False,8,10566.5030856,2453.0,-259.0,0 days 00:01:27.382000
LEC,79.50298873175308,300.0,99.0,False,8,10657.0,2552.3150985759726,-321.74829937044296,0 days 00:01:27.382000
LEC,83.92801550737212,300.56785645714285,99.0,False,8,10679.146401828571,2594.0,-348.0,0 days 00:01:27.382000
LEC,103.03384884070547,303.0,99.0,False,8,10774.0,2817.4780583386773,-487.76351650949266,0 days 00:01:27.382000
LEC,105.8132394620388,303.2062496,99.0,False,8,10781.0124864,2850.0,-508.0,0 days 00:01:27.382000
LEC,116.53768390648324,304.0,99.0,False,8,10808.0,2968.008402602558,-581.1664748148123,0 days 00:01:27.382000
LEC,136.93768390648324,306.0,99.0,False,8,10812.0,3145.905899380586,-690.6518479246087,0 days 00:01:27.382000
LEC,138.0429186275499,306.06499968,99.0,False,8,10816.84247616,3153.0,-695.0,0 days 00:01:27.382000
LEC,170.46426307199437,307.96,99.0,False,8,10958.02,3329.0,-801.0,0 days 00:01:27.382000
LEC,171.1487075164388,308.0,99.0,False,8,10961.0,3335.984979283183,-805.1640310357456,0 days 00:01:27.382000
LEC,191.09953579926707,309.58181818181816,99.0,False,8,11008.981818181817,3596.0,-959.0,0 days 00:01:27.382000
LEC,209.06842468815597,311.0,99.0,False,8,11052.0,3786.3318072477005,-1065.5939871475798,0 days 00:01:27.382000
LEC,227.43488765111894,311.8833333333333,99.0,False,8,11029.033333333333,3923.0,-1138.0,0 days 00:01:27.382000
LEC,229.86155431778562,312.0,99.0,False,8,11026.0,3937.5566298308586,-1145.6591263631421,0 days 00:01:27.382000
LEC,257.50599876223004,311.0,98.0,False,8,11045.0,4084.335035011059,-1222.0150811912206,0 days 00:01:27.382000
LEC,258.5420654288967,310.82,94.64,False,8,11018.6,4092.0,-1226.0,0 days 00:01:27.382000
LEC,272.3346224162745,308.40500096,49.56001792,False,8,10664.4001408,4215.0,-1290.0,0 days 00:01:27.382000
LEC,274.6446224162745,308.0,42.0,False,8,10605.0,4237.929205097446,-1301.92606294813,0 days 00:01:27.382000
LEC,287.7557335273856,295.0,9.0,True,8,10122.0,4382.335985155567,-1376.9862757750557,0 days 00:01:27.382000
LEC,296.3947408233856,275.2250112,4.48000256,True,8,9940.07010304,4467.0,-1421.0,0 days 00:01:27.382000
LEC,302.67807415671894,260.0,1.0,True,8,9800.0,4514.01909335023,-1445.4663912742553,0 days 00:01:27.382000
LEC,313.3712368601264,222.51668053333333,0.2791669333333333,True,8,9412.9126432,4583.0,-1482.0,0 days 00:01:27.382000
LEC,317.24234797123745,208.0,0.0,True,7,9263.0,4613.328989466246,-1498.5653470684367,0 days 00:01:27.382000
LEC,327.0030888836819,182.06563359999998,0.0,True,7,9465.046808,4707.0,-1552.0,0 days 00:01:27.382000
LEC,332.82392221701525,165.0,0.0,True,7,9598.0,4762.310493113932,-1586.8339291666975,0 days 00:01:27.382000
LEC,339.39076810897205,154.51402098721914,0.0,True,7,9855.859756632475,4820.0,-1627.0,0 days 00:01:27.382000
LEC,345.73384424466326,143.61681816659302,0.0,True,7,10123.83188053969,4869.0,-1666.0,0 days 00:01:27.382000
LEC,346.0913442446632,143.0,0.0,True,7,10139.0,4871.552531008287,-1668.2089722089736,0 days 00:01:27.382000
LEC,353.120939891241,132.49499648,0.0,True,7,9485.77978112,4921.0,-1716.0,0 days 00:01:27.382000
LEC,353.450939891241,132.0,0.0,True,5,9455.0,4923.0885010885495,-1718.3017884968406,0 days 00:01:27.382000
LEC,361.1685201381546,119.75555555555556,0.0,True,5,8631.4,4969.0,-1779.0,0 days 00:01:27.382000
LEC,365.18629791593236,113.0,0.0,True,3,8177.0,4987.458448792649,-1813.0941324312923,0 days 00:01:27.382000
LEC,369.796964582599,109.2,0.0,True,3,7961.666666666667,5003.0,-1855.0,0 days 00:01:27.382000
LEC,374.47252013815455,105.2,0.0,True,3,7735.0,5012.0,-1901.0,0 days 00:01:27.382000
LEC,375.8591868048212,104.0,0.0,False,3,7667.0,5013.286826691143,-1913.9971542951375,0 days 00:01:27.382000
LEC,381.2756284375323,102.08999936,0.0,False,3,7365.21989888,5010.0,-1967.0,0 days 00:01:27.382000
LEC,381.5306284375323,102.0,0.0,True,3,7351.0,5009.372593088832,-1970.000506695243,0 days 00:01:27.382000
LEC,386.8284062153101,99.33333333333333,14.399999999999999,True,3,7423.533333333334,4987.0,-2041.0,0 days 00:01:27.382000
LEC,391.35507288197675,97.0,27.0,False,3,7487.0,4960.266114829109,-2091.3787457516105,0 days 00:01:27.382000
LEC,397.66848028938415,97.96666666666667,42.46666666666667,False,3,7686.133333333333,4924.0,-2139.0,0 days 00:01:27.382000
LEC,397.8862580671619,98.0,43.0,False,3,7693.0,4923.015289608278,-2140.2648541289755,0 days 00:01:27.382000
LEC,403.3862580671619,99.0,50.0,False,3,7774.0,4903.7644837886355,-2164.368281578553,0 days 00:01:27.382000
LEC,407.75975884245145,103.58291309896262,56.87436964844393,False,3,8128.411946319776,4874.0,-2196.0,0 days 00:01:27.382000
LEC,409.1305921757848,105.0,59.0,False,3,8238.0,4859.265002821339,-2211.1179338067654,0 days 00:01:27.382000
LEC,414.48818581045145,111.4874976,67.6499968,False,3,8653.920679466666,4796.0,-2275.0,0 days 00:01:27.382000
LEC,416.6098524771181,114.0,71.0,False,3,8815.0,4778.191773201514,-2292.711407766304,0 days 00:01:27.382000
LEC,429.2592640159626,129.00249728,89.53249664,False,3,10170.51975424,4727.0,-2341.0,0 days 00:01:27.382000
LEC,430.96954179374035,131.0,92.0,False,3,10351.0,4717.299451841222,-2350.1780577443815,0 days 00:01:27.382000
LEC,439.3504999377403,141.6499968,88.45000106666667,False,3,10259.883360711112,4657.0,-2410.0,0 days 00:01:27.382000
LEC,445.43466660440697,149.0,86.0,False,3,10197.0,4600.52509290198,-2471.8224325612196,0 days 00:01:27.382000
LEC,445.97436520742923,149.45499776,85.74000128,False,3,10195.24500864,4596.0,-2477.0,0 days 00:01:27.382000
LEC,454.0776985407625,156.0,82.0,False,3,10170.0,4547.485813959677,-2537.6151671012094,0 days 00:01:27.382000
LEC,464.64562375854035,163.281248,80.05833386666667,False,3,10599.108215466667,4506.0,-2607.0,0 days 00:01:27.382000
LEC,472.12479033631814,168.281248,78.72500053333333,False,3,10893.774882133333,4473.0,-2671.0,0 days 00:01:27.382000
LEC,476.25729033631814,171.0,78.0,False,4,11054.0,4458.951193679047,-2703.9233478806686,0 days 00:01:27.382000
LEC,482.6482903363181,174.3,78.0,False,4,11003.675,4442.0,-2755.0,0 days 00:01:27.382000
LEC,484.00940144742924,175.0,78.0,False,4,10993.0,4438.555430844819,-2767.242260641012,0 days 00:01:27.382000
LEC,490.4986681140959,176.98,78.0,False,4,10900.6,4424.0,-2830.0,0 days 00:01:27.382000
LEC,493.8608903363181,178.0,78.0,False,4,10853.0,4418.945699593902,-2863.2519716539673,0 days 00:01:27.382000
LEC,502.7762236696515,186.6,96.06,False,4,10130.6,4413.0,-2950.0,0 days 00:01:27.382000
LEC,504.2384458918737,188.0,99.0,False,4,10013.0,4412.672466850955,-2964.7153022346088,0 days 00:01:27.382000
LEC,512.3687570029848,192.56,99.0,False,4,10515.36,4413.0,-3046.0,0 days 00:01:27.382000
LEC,514.9554236696515,194.0,99.0,False,5,10674.0,4413.273893238558,-3071.0271609276797,0 days 00:01:27.382000
LEC,526.7700070029848,200.625,99.0,False,5,10886.6625,4410.0,-3189.0,0 days 00:01:27.382000
LEC,532.8900070029848,204.0,99.0,False,5,10995.0,4399.751025966954,-3269.0082883813575,0 days 00:01:27.382000
LEC,539.382013897207,206.8249984,99.0,False,5,11187.0998912,4384.0,-3356.0,0 days 00:01:27.382000
LEC,546.7903472305404,210.0,99.0,False,5,11403.0,4362.543944694793,-3441.265958883135,0 days 00:01:27.382000
LEC,564.6378333416516,220.0375,99.0,False,5,11481.475,4304.0,-3593.0,0 days 00:01:27.382000
LEC,566.3567222305405,221.0,99.0,False,5,11489.0,4298.390495705434,-3604.9905589432688,0 days 00:01:27.382000
LEC,578.8011666749849,224.0,99.0,False,5,10562.0,4256.697156886109,-3681.044171292773,0 days 00:01:27.382000
LEC,583.3099666749848,225.44,99.0,False,5,10601.06,4237.0,-3710.0,0 days 00:01:27.382000
LEC,603.984149894185,231.85999872,99.0,False,5,10775.20246528,4104.0,-3861.0,0 days 00:01:27.382000
LEC,604.4352610052961,232.0,99.0,False,6,10779.0,4100.123527837291,-3864.437017136868,0 days 00:01:27.382000
LEC,619.5727949779698,234.89276854148923,99.0,False,6,10969.92272373829,3958.0,-3973.0,0 days 00:01:27.382000
LEC,630.6986283113032,237.0,99.0,False,6,11109.0,3871.10002351805,-4027.987830170347,0 days 00:01:27.382000
LEC,643.5092949779698,240.2,99.0,False,6,11167.666666666666,3772.0,-4079.0,0 days 00:01:27.382000
LEC,650.1601700073031,241.85000106666666,99.0,False,6,11197.916686222223,3710.0,-4108.0,0 days 00:01:27.382000
LEC,654.817670007303,243.0,99.0,False,6,11219.0,3665.750028172502,-4127.241360236744,0 days 00:01:27.382000
LEC,676.1201732762261,246.58846227692308,99.0,False,6,11434.307736615385,3467.0,-4199.0,0 days 00:01:27.382000
LEC,687.2312373787902,248.44615384615383,99.0,False,6,11545.76923076923,3360.0,-4227.0,0 days 00:01:27.382000
LEC,690.5512373787902,249.0,99.0,False,6,11579.0,3316.034930492464,-4236.070807598205,0 days 00:01:27.382000
LEC,701.2089707121237,252.42,99.0,False,6,11393.56,3159.0,-4264.0,0 days 00:01:27.382000
LEC,718.982304045457,258.0,99.0,False,6,11091.0,3015.6061958356927,-4279.378893262035,0 days 00:01:27.382000
LEC,729.9227259707903,260.8312512,99.0,False,6,10533.2435136,2944.0,-4281.0,0 days 00:01:27.382000
LEC,730.5752259707904,261.0,99.0,False,7,10500.0,2939.0965309448898,-4281.10945780499,0 days 00:01:27.382000
LEC,745.2418926374571,264.0,99.0,False,7,10602.0,2804.8890813183025,-4281.10638018733,0 days 00:01:27.382000
LEC,749.0605910501555,264.37142857142857,99.0,False,7,10634.128571428571,2754.0,-4277.0,0 days 00:01:27.382000
LEC,763.8272577168221,265.8,99.0,False,7,10757.7,2520.0,-4246.0,0 days 00:01:27.382000
LEC,765.8961466057111,266.0,99.0,False,7,10775.0,2497.081412795268,-4242.451835326953,0 days 00:01:27.382000
LEC,780.8961466057111,270.0,99.0,False,7,10880.0,2421.029803443632,-4225.968227193228,0 days 00:01:27.382000
LEC,786.3141917155987,270.9022554943751,99.0,False,7,10905.624056040251,2389.0,-4216.0,0 days 00:01:27.382000
LEC,803.0378062717663,273.6591472827433,99.0,False,7,10983.91978282991,2230.0,-4164.0,0 days 00:01:27.382000
LEC,811.2114173828775,275.0,99.0,False,7,11022.0,2153.126348137954,-4133.593513125024,0 days 00:01:27.382000
LEC,822.9801985988775,276.9124992,99.0,False,7,11155.874944,2048.0,-4085.0,0 days 00:01:27.382000
LEC,823.5188097099885,277.0,99.0,False,7,11162.0,2043.114088534742,-4082.5862965441324,0 days 00:01:27.382000
LEC,836.7943430433218,277.86,99.0,False,7,11197.26,1924.0,-4020.0,0 days 00:01:27.382000
LEC,838.956565265544,278.0,99.0,False,7,11203.0,1906.01484845288,-4009.975390347788,0 days 00:01:27.382000
LEC,851.4454541544329,281.0,99.0,False,7,11203.0,1802.792818741739,-3949.0423541957493,0 days 00:01:27.382000
LEC,854.0231781090996,281.2062496,99.0,False,7,11223.8312096,1775.0,-3932.0,0 days 00:01:27.382000
LEC,874.4498794690996,282.8312496,99.0,False,7,11387.9562096,1508.0,-3765.0,0 days 00:01:27.382000
LEC,876.5723794690997,283.0,99.0,False,7,11405.0,1490.2850273594465,-3753.847162215802,0 days 00:01:27.382000
LEC,889.2834905802108,286.0,99.0,False,7,11478.0,1444.555410591066,-3724.835189255976,0 days 00:01:27.382000
LEC,899.8803117459885,286.8312496,99.0,False,7,11525.3812272,1387.0,-3688.0,0 days 00:01:27.382000
LEC,902.0328117459885,287.0,99.0,False,7,11535.0,1366.3881443833063,-3674.8466718613677,0 days 00:01:27.382000
LEC,918.0328117459885,288.0,99.0,False,7,11565.0,1149.291956059581,-3536.4883533513776,0 days 00:01:27.382000
LEC,922.2767131301664,288.26499968,99.0,False,7,11587.5249728,1103.0,-3507.0,0 days 00:01:27.382000
LEC,934.0775464634996,289.0,99.0,False,7,11650.0,1028.0704312097241,-3459.2943585686107,0 days 00:01:27.382000
LEC,949.593279796833,290.92,99.0,False,7,11714.32,967.0,-3420.0,0 days 00:01:27.382000
LEC,950.2399464634998,291.0,99.0,False,7,11717.0,962.8823621733479,-3417.335665233701,0 days 00:01:27.382000
LEC,969.2626165506109,293.9124992,99.0,False,7,11767.2406112,803.0,-3314.0,0 days 00:01:27.382000
LEC,976.3917832172775,295.0,99.0,False,7,11786.0,742.4980616860735,-3275.4258059467484,0 days 00:01:27.382000
LEC,982.3007832172774,295.45,99.0,False,7,11799.95,693.0,-3244.0,0 days 00:01:27.382000
LEC,989.536338772833,296.0,99.0,False,7,11817.0,631.7322790505364,-3205.094510447773,0 days 00:01:27.382000
LEC,1008.6798539243481,297.05454545454546,99.0,False,7,11902.945454545454,470.0,-3104.0,0 days 00:01:27.382000
LEC,1025.8976317021259,298.0,99.0,False,7,11980.0,327.25969387050156,-3020.884744691093,0 days 00:01:27.382000
LEC,1030.2020761465703,298.0,99.0,False,7,11985.014285714286,284.0,-2997.0,0 days 00:01:27.382000
LEC,1046.7576317021258,298.0,99.0,False,7,12004.3,94.0,-2895.0,0 days 00:01:27.382000
LEC,1049.0754094799038,298.0,99.0,False,7,12007.0,71.71286781646668,-2882.9895447709187,0 days 00:01:27.382000
LEC,1065.7420761465703,300.0,99.0,False,7,12002.0,-40.326837394196914,-2821.8668562943526,0 days 00:01:27.382000
LEC,1078.3124761465704,297.72,88.36,False,7,11945.76,-143.0,-2780.0,0 days 00:01:27.382000
LEC,1082.2724761465702,297.0,85.0,False,7,11928.0,-186.74911524097723,-2764.866417932399,0 days 00:01:27.382000
LEC,1095.250253924348,292.0,50.0,True,7,11708.0,-355.6413438150207,-2712.8148161153995,0 days 00:01:27.382000
LEC,1099.4617724428665,291.56666666666666,49.56666666666667,True,7,11625.883333333333,-400.0,-2701.0,0 days 00:01:27.382000
LEC,1114.606216887311,290.0,48.0,True,7,11329.0,-501.51820633489245,-2684.61179428031,0 days 00:01:27.382000
LEC,1120.363124611107,287.84538618978735,51.59102301702113,True,7,11285.009968041491,-542.0,-2683.0,0 days 00:01:27.382000
LEC,1139.0740139548232,280.66334015574506,63.56109974042489,True,7,11138.376528179795,-729.0,-2684.0,0 days 00:01:27.382000
LEC,1145.946791732601,278.0,68.0,False,7,11084.0,-797.8150636326045,-2690.2258752381304,0 days 00:01:27.382000
LEC,1157.41733887429,273.46999808,68.0,False,7,10978.2999552,-908.0,-2710.0,0 days 00:01:27.382000
LEC,1161.1195610965121,272.0,68.0,False,7,10944.0,-942.6113558330684,-2719.199211353869,0 days 00:01:27.382000
LEC,1171.0021444298454,269.525,90.275,False,7,10933.275,-1034.0,-2751.0,0 days 00:01:27.382000
LEC,1173.0943666520677,269.0,95.0,False,7,10931.0,-1053.3070444336142,-2759.1235330928766,0 days 00:01:27.382000
LEC,1193.4830333187342,269.85,98.4,False,7,10921.65,-1239.0,-2858.0,0 days 00:01:27.382000
LEC,1197.0830333187344,270.0,99.0,False,7,10920.0,-1271.01194305267,-2877.184371497397,0 days 00:01:27.382000
LEC,1197.9834618901627,270.12857142857143,96.47142857142858,False,7,10907.4,-1279.0,-2882.0,0 days 00:01:27.382000
LEC,1218.3067952234962,273.0,40.0,True,7,10626.0,-1455.3815216173477,-2985.9389628281865,0 days 00:01:27.382000
LEC,1219.2151702234962,272.5125,40.1125,True,7,10672.9125,-1463.0,-2990.0,0 days 00:01:27.382000
LEC,1235.3225313346072,263.575,42.175,True,7,11532.975,-1608.0,-3052.0,0 days 00:01:27.382000
LEC,1241.6780868901628,260.0,43.0,True,7,11877.0,-1683.2390854271462,-3069.981474658756,0 days 00:01:27.382000
LEC,1252.789198001274,250.0,52.0,False,6,11407.0,-1828.914928562247,-3092.859780573155,0 days 00:01:27.382000
LEC,1255.0049555770315,249.27272727272728,52.21818181818182,False,6,11384.09090909091,-1852.0,-3096.0,0 days 00:01:27.382000
LEC,1279.0493430582437,241.1136349090909,54.665909527272724,False,6,11127.079499636364,-2040.0,-3081.0,0 days 00:01:27.382000
LEC,1282.3160097249104,240.0,55.0,False,6,11092.0,-2086.7678871083604,-3065.750034946667,0 days 00:01:27.382000
LEC,1292.3691208360212,238.1,55.0,False,6,10971.666666666666,-2253.0,-3004.0,0 days 00:01:27.382000
LEC,1298.1624541693545,237.0,55.0,False,6,10902.0,-2326.22636138103,-2970.0266037054203,0 days 00:01:27.382000
LEC,1316.3749541693546,235.0,59.0,False,6,10902.0,-2462.748232327948,-2870.9542918142306,0 days 00:01:27.382000
LEC,1318.46650972491,235.3,63.0,False,6,10910.9,-2477.0,-2859.0,0 days 00:01:27.382000
LEC,1337.50650972491,238.0,99.0,False,6,10991.0,-2610.9586339303314,-2743.527816718217,0 days 00:01:27.382000
LEC,1343.6720037607197,238.66428525714286,99.0,False,6,11032.517828571428,-2658.0,-2705.0,0 days 00:01:27.382000
LEC,1356.1386704273864,240.0,99.0,False,6,11116.0,-2759.5573609638586,-2627.243905590781,0 days 00:01:27.382000
LEC,1372.5386704273863,246.0,80.0,False,6,11078.0,-2883.006124742914,-2543.539373608486,0 days 00:01:27.382000
LEC,1373.495609318764,246.07000064,79.08999168,False,6,11090.67011584,-2889.0,-2540.0,0 days 00:01:27.382000
LEC,1386.2572759854309,247.0,67.0,False,6,11259.0,-2956.4017234935977,-2506.9604247659972,0 days 00:01:27.382000
LEC,1395.327958110468,245.52222293333332,68.84722133333334,False,6,11297.052759466667,-3015.0,-2488.0,0 days 00:01:27.382000
LEC,1410.650458110468,243.0,72.0,False,6,11362.0,-3162.478379420501,-2451.052416029454,0 days 00:01:27.382000
LEC,1412.8766976962456,242.86250026666667,72.54999893333333,False,6,11322.537576533334,-3184.0,-2447.0,0 days 00:01:27.382000
LEC,1426.7916976962456,242.0,76.0,False,6,11075.0,-3310.6577805909155,-2435.016418392645,0 days 00:01:27.382000
LEC,1432.97614214069,242.0,73.24,False,6,11095.24,-3385.0,-2441.0,0 days 00:01:27.382000
LEC,1440.23614214069,242.0,70.0,False,6,11119.0,-3497.487808635934,-2458.7760060908845,0 days 00:01:27.382000
LEC,1446.3853199184678,240.62,67.7,False,6,11062.88,-3586.0,-2476.0,0 days 00:01:27.382000
LEC,1453.5553199184676,239.0,65.0,False,6,10997.0,-3652.0249660177647,-2491.46084131821,0 days 00:01:27.382000
LEC,1467.6511443367533,238.23928594285715,69.56428434285715,False,6,10968.853579885714,-3726.0,-2519.0,0 days 00:01:27.382000
LEC,1472.0805887811978,238.0,71.0,False,6,10960.0,-3760.592211211887,-2531.9411852094695,0 days 00:01:27.382000
LEC,1481.9369443367534,233.44,37.559999999999995,False,6,10560.24,-3860.0,-2574.0,0 days 00:01:27.382000
LEC,1485.0302776700867,232.0,27.0,True,6,10434.0,-3896.0506848109244,-2592.9816542520725,0 days 00:01:27.382000
LEC,1497.30121100342,230.08,2.04,True,6,10679.76,-4038.0,-2680.0,0 days 00:01:27.382000
LEC,1497.812322114531,230.0,1.0,True,6,10690.0,-4042.366744712959,-2682.9507643357124,0 days 00:01:27.382000
LEC,1513.093322114531,218.3,0.09999999999999998,True,6,11081.5,-4124.0,-2749.0,0 days 00:01:27.382000
LEC,1514.7810998923087,217.0,0.0,True,6,11125.0,-4131.84113074304,-2755.916285946964,0 days 00:01:27.382000
LEC,1534.1810998923086,194.0,0.0,True,5,11811.0,-4266.692784442015,-2908.54016624103,0 days 00:01:27.382000
LEC,1534.8796603187975,193.44750272,0.0,True,5,11772.9751872,-4274.0,-2920.0,0 days 00:01:27.382000
LEC,1540.0837603187974,189.24,0.0,True,5,11483.4,-4332.0,-3016.0,0 days 00:01:27.382000
LEC,1554.2437603187975,177.0,0.0,True,4,10641.0,-4385.1467525836815,-3117.281071450229,0 days 00:01:27.382000
LEC,1562.3773424275334,169.25373174248176,0.0,True,4,10359.55225331017,-4392.0,-3167.0,0 days 00:01:27.382000
LEC,1563.6840090942003,168.0,0.0,True,4,10314.0,-4394.651112467917,-3180.8927590943094,0 days 00:01:27.382000
LEC,1571.4641424275335,162.84,0.0,True,4,10069.76,-4415.0,-3283.0,0 days 00:01:27.382000
LEC,1581.3441424275336,156.0,0.0,True,4,9746.0,-4422.155771407638,-3360.339666360698,0 days 00:01:27.382000
LEC,1585.2655004522248,153.44444444444446,0.0,True,4,9545.644444444444,-4419.0,-3396.0,0 days 00:01:27.382000
LEC,1596.1343893411138,146.0,0.0,False,4,8962.0,-4395.69613530685,-3548.923481518092,0 days 00:01:27.382000
LEC,1598.2315421188916,145.1875,1.625,False,4,8945.75,-4391.0,-3572.0,0 days 00:01:27.382000
LEC,1608.7282087855583,141.0,10.0,False,4,8862.0,-4368.165220595424,-3631.87909507451,0 days 00:01:27.382000
LEC,1610.7617458225952,140.78333333333333,13.25,False,4,8832.316666666668,-4361.0,-3644.0,0 days 00:01:27.382000
LEC,1618.0728569337064,140.0,25.0,False,4,8725.0,-4324.110490242593,-3703.5270012806172,0 days 00:01:27.382000
LEC,1620.0875680448175,139.48,33.32,False,4,8728.38,-4312.0,-3720.0,0 days 00:01:27.382000
LEC,1624.6588208014398,138.28999936,52.36001024,False,4,8736.11500416,-4282.0,-3754.0,0 days 00:01:27.382000
LEC,1625.7704874681065,138.0,57.0,False,4,8738.0,-4274.060028645155,-3761.649855076358,0 days 00:01:27.382000
LEC,1636.5641382617573,142.85714285714286,66.71428571428571,False,4,9312.114285714286,-4188.0,-3822.0,0 days 00:01:27.382000
LEC,1636.881916039535,143.0,67.0,False,4,9329.0,-4185.220532648227,-3823.4549457584926,0 days 00:01:27.382000
LEC,1644.593916039535,144.6,64.6,False,4,9337.0,-4115.0,-3853.0,0 days 00:01:27.382000
LEC,1646.5272493728685,145.0,64.0,False,4,9339.0,-4096.590392769546,-3858.8793210514254,0 days 00:01:27.382000
LEC,1654.6939160395352,147.0,76.0,False,4,9747.0,-4015.7958057847973,-3877.0411469228065,0 days 00:01:27.382000
LEC,1656.0105382617573,148.12,77.28,False,4,9809.24,-4002.0,-3879.0,0 days 00:01:27.382000
LEC,1658.4719035762462,150.18500224,79.64000256,False,4,9923.99512448,-3976.0,-3882.0,0 days 00:01:27.382000
LEC,1663.1346813540238,154.0,84.0,False,4,10136.0,-3927.975166978004,-3886.6081603401462,0 days 00:01:27.382000
LEC,1669.8712214020238,160.6062528,98.156256,False,4,10541.812672,-3861.0,-3891.0,0 days 00:01:27.382000
LEC,1670.2737214020237,161.0,99.0,False,4,10566.0,-3856.947200594852,-3891.175637956232,0 days 00:01:27.382000
LEC,1678.2963064437386,167.9145706405401,99.0,False,4,11027.547590256052,-3778.0,-3893.0,0 days 00:01:27.382000
LEC,1679.5638064437387,169.0,99.0,False,4,11100.0,-3765.2981501630115,-3893.142672178529,0 days 00:01:27.382000
LEC,1693.3408270517386,181.67499702857143,99.0,False,4,11614.799879314285,-3632.0,-3894.0,0 days 00:01:27.382000
LEC,1693.6947159406275,182.0,99.0,False,4,11628.0,-3628.471052916423,-3894.051498586785,0 days 00:01:27.382000
LEC,1705.9882606226477,189.94317963636362,99.0,False,4,11624.822728145455,-3508.0,-3897.0,0 days 00:01:27.382000
LEC,1715.792237786284,196.07954327272728,99.0,False,4,11622.368182690909,-3411.0,-3901.0,0 days 00:01:27.382000
LEC,1717.269737786284,197.0,99.0,False,4,11622.0,-3396.044931791423,-3901.871363179123,0 days 00:01:27.382000
LEC,1725.845440826284,201.781248,99.0,False,4,11417.8407104,-3312.0,-3908.0,0 days 00:01:27.382000
LEC,1735.4479408262841,207.0,99.0,False,5,11195.0,-3229.19135211239,-3916.075202526215,0 days 00:01:27.382000
LEC,1739.6972505030842,209.55499776,99.0,False,5,11330.41488128,-3176.0,-3923.0,0 days 00:01:27.382000
LEC,1747.2466949475286,214.0,99.0,False,5,11566.0,-3045.762783911156,-3941.816521032761,0 days 00:01:27.382000
LEC,1750.3628430956767,215.73333333333332,99.0,False,5,11600.45,-2997.0,-3949.0,0 days 00:01:27.382000
LEC,1761.9561764290102,222.0,99.0,False,5,11725.0,-2895.820316819734,-3963.7897022370166,0 days 00:01:27.382000
LEC,1775.3416208734545,227.3,99.0,False,5,11168.5,-2821.0,-3976.0,0 days 00:01:27.382000
LEC,1785.6216208734545,231.3,99.0,False,5,10748.5,-2719.0,-3994.0,0 days 00:01:27.382000
LEC,1790.0227319845656,233.0,99.0,False,6,10570.0,-2675.406677265777,-4002.1389243170065,0 days 00:01:27.382000
LEC,1800.0209542067878,236.8,99.0,False,6,10773.3,-2580.0,-4021.0,0 days 00:01:27.382000
LEC,1810.72317642901,240.8,99.0,False,6,10987.3,-2475.0,-4043.0,0 days 00:01:27.382000
LEC,1811.2587319845654,241.0,99.0,False,6,10998.0,-2469.7888441199493,-4044.1251453723266,0 days 00:01:27.382000
LEC,1821.5679912438247,244.16666666666666,99.0,False,6,11192.433333333332,-2370.0,-4066.0,0 days 00:01:27.382000
LEC,1827.581324577158,246.0,99.0,False,6,11305.0,-2306.288994301075,-4079.645558782233,0 days 00:01:27.382000
LEC,1847.181324577158,252.0,99.0,False,6,11548.0,-2093.8483611949514,-4120.794710057418,0 days 00:01:27.382000
LEC,1848.021824577158,252.15,99.0,False,6,11553.475,-2086.0,-4122.0,0 days 00:01:27.382000
LEC,1866.4673801327137,255.4,99.0,False,6,11672.1,-1933.0,-4137.0,0 days 00:01:27.382000
LEC,1869.880713466047,256.0,99.0,False,6,11694.0,-1900.8522493647308,-4138.570669544596,0 days 00:01:27.382000
LEC,1880.769824577158,257.9,99.0,False,6,11038.5,-1790.0,-4142.0,0 days 00:01:27.382000
LEC,1881.3431579104913,258.0,99.0,False,6,11004.0,-1784.1330105254203,-4142.117790972719,0 days 00:01:27.382000
LEC,1907.7431579104912,264.0,99.0,False,7,10552.0,-1521.8348394442073,-4140.343371930513,0 days 00:01:27.382000
LEC,1908.6237549256066,264.17910453464026,99.0,False,7,10557.432837550754,-1513.0,-4140.0,0 days 00:01:27.382000
LEC,1913.1155501060123,265.089551630504,99.0,False,7,10585.049732791955,-1468.0,-4138.0,0 days 00:01:27.382000
LEC,1922.6088834393456,267.0,99.0,False,7,10643.0,-1374.4449985667138,-4133.363003208898,0 days 00:01:27.382000
LEC,1938.436253809716,268.76666666666665,99.0,False,7,10884.15,-1215.0,-4125.0,0 days 00:01:27.382000
LEC,1940.5284760319382,269.0,99.0,False,7,10916.0,-1192.5313489562636,-4123.872441694294,0 days 00:01:27.382000
LEC,1953.5347815874939,272.225,99.0,False,7,10983.725,-1050.0,-4117.0,0 days 00:01:27.382000
LEC,1964.8403371430493,275.0,99.0,False,7,11042.0,-929.9355225368178,-4111.647648731278,0 days 00:01:27.382000
LEC,1971.8975038097158,276.15,99.0,False,7,11071.325,-857.0,-4109.0,0 days 00:01:27.382000
LEC,1977.1297260319382,277.0,99.0,False,7,11093.0,-803.8831299484308,-4107.51084871443,0 days 00:01:27.382000
LEC,1988.8388173401286,279.1571437714286,99.0,False,7,11175.510749257142,-688.0,-4105.0,0 days 00:01:27.382000
LEC,1998.907984006795,281.0,99.0,False,7,11246.0,-590.4437567291753,-4102.607580330463,0 days 00:01:27.382000
LEC,2006.0302085573137,281.75833386666665,99.0,False,7,11277.091688533334,-516.0,-4101.0,0 days 00:01:27.382000
LEC,2017.7432641128694,283.0,99.0,False,7,11328.0,-375.4117952756762,-4098.86189375918,0 days 00:01:27.382000
LEC,2030.3654863350916,284.0,99.0,False,7,11401.0,-225.95138727014,-4097.106688866234,0 days 00:01:27.382000
LEC,2031.2335442070917,284.0916672,99.0,False,7,11403.29168,-217.0,-4097.0,0 days 00:01:27.382000
LEC,2049.4263219848694,286.0,99.0,False,7,11451.0,-66.85695230232936,-4095.1503201902424,0 days 00:01:27.382000
LEC,2059.943238651536,286.825,99.0,False,7,11501.325,20.0,-4094.0,0 days 00:01:27.382000
LEC,2074.260441796425,287.9437504,99.0,False,7,11569.5687744,164.0,-4092.0,0 days 00:01:27.382000
LEC,2074.980441796425,288.0,99.0,False,7,11573.0,172.02782108635583,-4091.8847929309068,0 days 00:01:27.382000
LEC,2094.2471084630915,289.0,99.0,False,7,11632.0,405.36468961556943,-4088.583495875157,0 days 00:01:27.382000
LEC,2100.0415084630918,289.72,99.0,False,7,11647.12,469.0,-4088.0,0 days 00:01:27.382000
LEC,2110.3881751297586,291.0,99.0,False,7,11674.0,566.4246812860696,-4087.7325714514436,0 days 00:01:27.382000
LEC,2129.8548417964253,292.0,99.0,False,7,10352.0,720.7055184292668,-4091.692628564823,0 days 00:01:27.382000
LEC,2134.0789050211483,292.4351463269901,99.0,False,7,10371.364011551059,759.0,-4094.0,0 days 00:01:27.382000
LEC,2147.1355298256967,293.77405810234427,99.0,False,7,10430.94558555432,888.0,-4105.0,0 days 00:01:27.382000
LEC,2149.3405298256966,294.0,99.0,False,8,10441.0,909.9875121752927,-4107.638205584435,0 days 00:01:27.382000
LEC,2165.046129825697,294.48,99.0,False,8,10498.12,1063.0,-4133.0,0 days 00:01:27.382000
LEC,2179.874680512097,294.93249984,99.0,False,8,10551.96748096,1207.0,-4168.0,0 days 00:01:27.382000
LEC,2182.087180512097,295.0,99.0,False,8,10560.0,1232.1015161925961,-4175.152842880232,0 days 00:01:27.382000
LEC,2199.60435965983,296.06499968,99.0,False,8,10578.6374944,1445.0,-4242.0,0 days 00:01:27.382000
LEC,2215.03185965983,297.0,99.0,False,8,10595.0,1562.9380296310974,-4283.7753463772815,0 days 00:01:27.382000
LEC,2224.3543596598297,297.0,99.0,False,8,10611.38499072,1632.0,-4309.0,0 days 00:01:27.382000
LEC,2231.53185965983,297.0,99.0,False,8,10624.0,1696.8064729543685,-4331.990549842394,0 days 00:01:27.382000
LEC,2240.870482125446,297.51363607272725,99.0,False,8,10626.8249984,1788.0,-4364.0,0 days 00:01:27.382000
LEC,2255.7870730199916,298.33181789090906,99.0,False,8,10631.3249984,1925.0,-4412.0,0 days 00:01:27.382000
LEC,2267.996239686658,299.0,99.0,False,8,10635.0,2024.6848409428405,-4445.264569657574,0 days 00:01:27.382000
LEC,2279.0671966192804,299.66499968,99.0,False,8,10635.0,2117.0,-4475.0,0 days 00:01:27.382000
LEC,2284.650529952614,300.0,99.0,False,8,10635.0,2168.2844560011526,-4491.394282467599,0 days 00:01:27.382000
LEC,2295.650529952614,300.0,99.0,False,8,10687.8,2275.0,-4525.0,0 days 00:01:27.382000
LEC,2297.983863285947,300.0,99.0,False,8,10699.0,2297.6474505422707,-4531.9709349315035,0 days 00:01:27.382000
LEC,2314.0350632859468,300.96,99.0,False,8,10704.76,2451.0,-4578.0,0 days 00:01:27.382000
LEC,2314.7039521748356,301.0,99.0,False,8,10705.0,2457.2264442580313,-4579.852680302057,0 days 00:01:27.382000
LEC,2331.4261743970583,301.0,99.0,False,8,10760.0,2616.9187038416985,-4626.0255107536295,0 days 00:01:27.382000
LEC,2332.430132730391,301.1875,99.0,False,8,10763.7875,2628.0,-4629.0,0 days 00:01:27.382000
LEC,2352.8450501981692,304.953124,99.0,False,8,10839.8531048,2874.0,-4690.0,0 days 00:01:27.382000
LEC,2358.5400501981694,306.0,99.0,False,8,10861.0,2928.9476940290433,-4702.540592144212,0 days 00:01:27.382000
LEC,2381.6600501981693,306.0,99.0,False,8,10917.1,3107.0,-4736.0,0 days 00:01:27.382000
LEC,2385.740050198169,306.0,99.0,False,8,10927.0,3145.5050878278635,-4741.962340557962,0 days 00:01:27.382000
LEC,2395.4041659054287,307.8833322666667,99.0,False,8,10981.145802666666,3243.0,-4756.0,0 days 00:01:27.382000
LEC,2406.3402770165394,310.0,99.0,False,8,11042.0,3349.636538803385,-4769.468692901336,0 days 00:01:27.382000
LEC,2412.5454198736825,310.25714285714287,99.0,False,8,11053.828571428572,3413.0,-4776.0,0 days 00:01:27.382000
LEC,2430.514308762571,311.0,99.0,False,8,11088.0,3620.0913241696676,-4790.3685473779515,0 days 00:01:27.382000
LEC,2440.3058110606453,311.94166613333334,99.0,False,8,11107.7749888,3741.0,-4794.0,0 days 00:01:27.382000
LEC,2451.34775550509,313.0,99.0,False,8,11130.0,3880.2470942077202,-4793.8005254853215,0 days 00:01:27.382000
LEC,2469.866922171757,313.0,99.0,False,8,11162.594303679842,4106.0,-4786.0,0 days 00:01:27.382000
LEC,2475.779144393979,313.0,99.0,False,8,11173.0,4170.074142225293,-4782.5594013615555,0 days 00:01:27.382000
LEC,2489.7346999495344,314.0,99.0,False,8,11206.0,4304.954108714494,-4772.755121428415,0 days 00:01:27.382000
LEC,2503.779144393979,316.0,99.0,False,8,11223.0,4424.316426488911,-4761.522231487961,0 days 00:01:27.382000
LEC,2511.8546999495347,316.0,99.0,False,8,11250.6,4490.0,-4755.0,0 days 00:01:27.382000
LEC,2521.3346999495343,316.0,99.0,False,8,11283.0,4564.3824375233335,-4747.287888747964,0 days 00:01:27.382000
LEC,2535.468033282868,318.0,99.0,False,8,11312.0,4672.342547513175,-4734.908671736467,0 days 00:01:27.382000
LEC,2550.5984161048677,318.5343752,99.0,False,8,11330.1687568,4839.0,-4706.0,0 days 00:01:27.382000
LEC,2563.8014716604234,319.0,99.0,False,8,11346.0,5030.265339726402,-4666.351777848032,0 days 00:01:27.382000
LEC,2566.637027215979,319.0,99.0,False,8,11353.0,5064.0,-4659.0,0 days 00:01:27.382000
LEC,2577.979249438201,319.0,99.0,False,8,11381.0,5150.733470563293,-4638.726252299343,0 days 00:01:27.382000
LEC,2589.700116104868,319.66,99.0,False,8,11383.64,5219.0,-4620.0,0 days 00:01:27.382000
LEC,2595.744560549312,320.0,99.0,False,8,11385.0,5270.114315030932,-4605.858184577673,0 days 00:01:27.382000
LEC,2605.6219225346454,320.3468752,99.0,False,8,11395.406256,5374.0,-4576.0,0 days 00:01:27.382000
LEC,2624.257755867979,321.0,99.0,False,8,11415.0,5619.287783456926,-4497.873517803573,0 days 00:01:27.382000
LEC,2634.2589410531646,321.46666666666664,99.0,False,8,11436.0,5731.0,-4461.0,0 days 00:01:27.382000
LEC,2645.7078299420536,322.0,99.0,False,8,11460.0,5815.671090857365,-4432.604465166277,0 days 00:01:27.382000
LEC,2662.9096077198315,322.53333333333336,99.0,False,8,11473.866666666667,5917.0,-4398.0,0 days 00:01:27.382000
LEC,2677.9829410531647,323.0,99.0,False,8,11486.0,6057.779265575444,-4350.572785259579,0 days 00:01:27.382000
LEC,2682.6503743864982,323.13,99.0,False,8,11496.66,6104.0,-4335.0,0 days 00:01:27.382000
LEC,2698.8293743864983,323.58,99.0,False,8,11533.56,6258.0,-4283.0,0 days 00:01:27.382000
LEC,2713.949374386498,324.0,99.0,False,8,11568.0,6391.024171210583,-4238.15940872121,0 days 00:01:27.382000
LEC,2722.253003636297,324.92462281821173,99.0,False,8,11574.010048318376,6480.0,-4208.0,0 days 00:01:27.382000
LEC,2731.942448080741,326.0,99.0,False,8,11581.0,6610.050461716164,-4163.689396593613,0 days 00:01:27.382000
LEC,2745.797448080741,326.0,99.0,False,8,11611.5999872,6805.0,-4097.0,0 days 00:01:27.382000
LEC,2746.4313369696306,326.0,99.0,False,8,11613.0,6812.681384622005,-4094.3657989978137,0 days 00:01:27.382000
LEC,2782.875781414075,328.0,99.0,False,8,11611.0,7116.735247193309,-3987.1036497779237,0 days 00:01:27.382000
LEC,2787.7046703029637,328.0,99.0,False,8,11617.7906168,7159.0,-3971.0,0 days 00:01:27.382000
LEC,2812.0313369696305,328.0,99.0,False,8,11652.0,7406.064028855032,-3873.3719197579017,0 days 00:01:27.382000
LEC,2818.682448080742,328.0,99.0,False,8,11658.1593696,7464.0,-3850.0,0 days 00:01:27.382000
LEC,2841.186892525186,328.0,99.0,False,8,11679.0,7600.168979404524,-3793.6061209818768,0 days 00:01:27.382000
LEC,2853.2135591918527,328.0,99.0,False,8,11679.0,7682.0,-3758.0,0 days 00:01:27.382000
LEC,2859.4091147474082,328.0,99.0,False,8,11679.0,7735.13959421379,-3734.5721791456544,0 days 00:01:27.382000
LEC,2869.624448080742,328.35,99.0,False,8,11689.5,7833.0,-3691.0,0 days 00:01:27.382000
LEC,2888.6333369696304,329.0,99.0,False,8,11709.0,8021.036732119376,-3605.5319333893526,0 days 00:01:27.382000
LEC,2898.890670302964,329.7,99.0,False,8,11712.5,8132.0,-3554.0,0 days 00:01:27.382000
LEC,2903.290670302964,330.0,99.0,False,8,11714.0,8182.584648691319,-3530.2779078305334,0 days 00:01:27.382000
LEC,2932.6240036362974,330.0,99.0,False,8,11737.0,8524.802417852263,-3367.335818542962,0 days 00:01:27.382000
LEC,2937.390670302964,330.0,99.0,False,8,11734.2375,8563.0,-3349.0,0 days 00:01:27.382000
LEC,2961.9573369696304,330.0,99.0,False,8,11720.0,8680.280473694993,-3291.571287775509,0 days 00:01:27.382000
LEC,2966.7208740066676,329.78333333333336,98.78333333333333,False,8,11707.216666666667,8711.0,-3276.0,0 days 00:01:27.382000
LEC,2983.263729344149,329.02916693333333,98.02916693333333,False,8,11662.720849066667,8857.0,-3201.0,0 days 00:01:27.382000
LEC,2983.9034515663716,329.0,98.0,False,8,11661.0,8862.737606181316,-3197.992563213026,0 days 00:01:27.382000
LEC,3003.8775387343712,308.6125056,8.683357866666663,False,8,10924.1377024,9043.0,-3100.0,0 days 00:01:27.382000
LEC,3004.47642762326,308.0,6.0,True,8,10902.0,9048.443303023212,-3096.9297856157173,0 days 00:01:27.382000
LEC,3019.47642762326,270.0,1.0,True,8,10379.0,9203.09053184144,-3007.2785538417793,0 days 00:01:27.382000
LEC,3023.2958045148944,259.42937377141254,1.0,True,8,10327.61501138881,9237.0,-2987.0,0 days 00:01:27.382000
LEC,3039.130153622369,203.58448852467387,1.0,True,8,10056.146819217165,9359.0,-2908.0,0 days 00:01:27.382000
LEC,3040.670153622369,198.0,1.0,True,8,10029.0,9370.205003472594,-2899.8907592546125,0 days 00:01:27.382000
LEC,3051.748153622369,171.9,1.0,True,8,9822.375,9462.0,-2829.0,0 days 00:01:27.382000
LEC,3055.708153622369,162.0,1.0,True,8,9744.0,9490.330343420777,-2805.8966517731974,0 days 00:01:27.382000
LEC,3064.374242511258,147.16,0.47,True,8,9809.19,9557.0,-2737.0,0 days 00:01:27.382000
LEC,3070.382233980058,136.02999552,0.07249983999999998,True,8,9858.08251968,9621.0,-2650.0,0 days 00:01:27.382000
LEC,3071.461678424502,134.0,0.0,True,6,9867.0,9628.199153602696,-2639.8555082381363,0 days 00:01:27.382000
LEC,3079.2571261187245,121.48749653333333,0.0,True,6,8854.449719466667,9641.0,-2615.0,0 days 00:01:27.382000
LEC,3079.5596261187247,121.0,0.0,True,4,8815.0,9641.612881417886,-2613.390788708123,0 days 00:01:27.382000
LEC,3086.9213298224286,114.23333333333333,0.0,True,4,8318.133333333333,9668.0,-2544.0,0 days 00:01:27.382000
LEC,3087.174663155762,114.0,0.0,True,3,8301.0,9668.750109638118,-2541.4907897652492,0 days 00:01:27.382000
LEC,3093.614899266873,109.3625,0.0,True,3,7896.875,9679.0,-2480.0,0 days 00:01:27.382000
LEC,3096.824899266873,107.0,0.0,False,3,7691.0,9676.658368236549,-2450.7028799038967,0 days 00:01:27.382000
LEC,3102.1475659335397,99.8,0.0,False,3,7363.0,9661.0,-2401.0,0 days 00:01:27.382000
LEC,3103.4542326002065,98.0,0.0,True,3,7281.0,9655.165471958751,-2388.9718371779345,0 days 00:01:27.382000
LEC,3107.0021909335396,96.7625,12.7875,True,3,7259.1375,9636.0,-2357.0,0 days 00:01:27.382000
LEC,3111.9633020446504,95.0,31.0,False,3,7228.0,9604.541796702,-2315.479263698529,0 days 00:01:27.382000
LEC,3112.7842177251587,95.33214354285714,32.21785965714286,False,3,7244.496462628572,9599.0,-2309.0,0 days 00:01:27.382000
LEC,3117.6748089949997,97.27142857142857,39.32857142857143,False,3,7340.814285714286,9565.0,-2273.0,0 days 00:01:27.382000
LEC,3119.525920106111,98.0,42.0,False,3,7377.0,9551.655125995985,-2260.3026657144223,0 days 00:01:27.382000
LEC,3122.6183645505553,99.4,44.8,False,3,7544.72,9529.0,-2240.0,0 days 00:01:27.382000
LEC,3127.125031217222,101.4,48.8,False,3,7784.32,9495.0,-2211.0,0 days 00:01:27.382000
LEC,3130.787253439444,103.0,52.0,False,3,7976.0,9466.354059458057,-2187.3064524668257,0 days 00:01:27.382000
LEC,3132.877253439444,104.5,53.5,False,3,8024.3,9450.0,-2174.0,0 days 00:01:27.382000
LEC,3137.917253439444,108.0,57.0,False,3,8137.0,9411.74513548433,-2143.233154666502,0 days 00:01:27.382000
LEC,3138.278701907152,108.43454031250535,57.5013926682754,False,3,8170.4930302407965,9409.0,-2141.0,0 days 00:01:27.382000
LEC,3146.0870583446595,117.12534656261231,67.52924603378344,False,3,8840.353635056734,9353.0,-2094.0,0 days 00:01:27.382000
LEC,3149.683447233548,121.0,72.0,False,3,9139.0,9326.378624269386,-2070.56437329571,0 days 00:01:27.382000
LEC,3155.034956074691,125.91785508571428,74.18571337142858,False,3,9671.767634285714,9288.0,-2035.0,0 days 00:01:27.382000
LEC,3159.621067185802,130.0,76.0,False,3,10114.0,9257.94949574562,-2004.728344658704,0 days 00:01:27.382000
LEC,3163.754826877891,131.69499904,35.88502272,False,3,10121.34499584,9230.0,-1971.0,0 days 00:01:27.382000
LEC,3166.9689935445576,133.0,5.0,True,3,10127.0,9206.192161792233,-1937.0788740729606,0 days 00:01:27.382000
LEC,3172.431837373891,128.53750186666667,1.812501333333333,True,3,9516.912755199999,9168.0,-1876.0,0 days 00:01:27.382000
LEC,3175.476837373891,126.0,0.0,True,3,9170.0,9155.506156551486,-1853.3357796623254,0 days 00:01:27.382000
LEC,3181.394115151669,123.85,0.0,True,3,8987.25,9143.0,-1820.0,0 days 00:01:27.382000
LEC,3183.7174484850025,123.0,0.0,True,3,8915.0,9137.860074333112,-1802.1747508089334,0 days 00:01:27.382000
LEC,3191.7761984850026,115.125,0.7875,True,3,8264.525,9121.0,-1720.0,0 days 00:01:27.382000
LEC,3193.910642929447,113.0,1.0,True,3,8089.0,9119.443206541238,-1698.455055041292,0 days 00:01:27.382000
LEC,3197.9128095961137,109.15,5.4,True,3,7847.55,9120.0,-1658.0,0 days 00:01:27.382000
LEC,3201.092809596114,106.0,9.0,False,3,7650.0,9123.033258275691,-1625.6108121926463,0 days 00:01:27.382000
LEC,3202.616409596114,105.48,7.96,False,3,7619.45,9125.0,-1611.0,0 days 00:01:27.382000
LEC,3210.602631818336,102.68,2.36,False,3,7454.95,9146.0,-1533.0,0 days 00:01:27.382000
LEC,3212.5292984850025,102.0,1.0,False,3,7415.0,9158.621586384243,-1503.131542088417,0 days 00:01:27.382000
LEC,3215.630039225743,99.66666666666667,0.5333333333333333,False,3,7324.466666666666,9182.0,-1452.0,0 days 00:01:27.382000
LEC,3219.078928114632,97.0,0.0,False,3,7221.0,9201.139193699928,-1413.9504837001214,0 days 00:01:27.382000
LEC,3226.545594781299,96.0,29.0,False,3,7481.0,9224.392599968183,-1385.9810802854183,0 days 00:01:27.382000
LEC,3229.015721765426,96.65714285714286,33.92857142857143,False,3,7509.914285714286,9236.0,-1373.0,0 days 00:01:27.382000
LEC,3233.3898745227593,97.8071424,42.553568,False,3,7560.5142656,9265.0,-1341.0,0 days 00:01:27.382000
LEC,3234.1248745227595,98.0,44.0,False,3,7569.0,9271.645065011333,-1334.7948697014604,0 days 00:01:27.382000
LEC,3239.6248745227595,99.0,50.0,False,3,7883.0,9329.863061714905,-1288.2715832156382,0 days 00:01:27.382000
LEC,3239.983153680034,99.21576662991313,50.10788331495657,False,3,7891.360956909134,9333.0,-1286.0,0 days 00:01:27.382000
LEC,3246.5064870133674,103.0,52.0,False,3,8038.0,9371.601430240953,-1262.7195738438984,0 days 00:01:27.382000
LEC,3247.429153680034,103.8,53.06666666666667,False,3,8080.0,9377.0,-1260.0,0 days 00:01:27.382000
LEC,3253.7269314578116,109.0,60.0,False,3,8353.0,9419.977713411743,-1239.4357638008807,0 days 00:01:27.382000
LEC,3259.1526190507007,114.22500195555556,65.70000213333333,False,3,8885.950199466666,9485.0,-1222.0,0 days 00:01:27.382000
LEC,3265.173662260577,119.75555555555556,71.73333333333333,False,3,9450.066666666668,9584.0,-1207.0,0 days 00:01:27.382000
LEC,3265.440328927244,120.0,72.0,False,3,9475.0,9587.31674259324,-1206.5701290445704,0 days 00:01:27.382000
LEC,3276.226304235886,132.9777777777778,84.16666666666667,False,3,10392.366666666667,9649.0,-1203.0,0 days 00:01:27.382000
LEC,3278.795193124775,136.0,87.0,False,3,10606.0,9671.32368868923,-1202.7351374261332,0 days 00:01:27.382000
LEC,3283.983526458108,141.5,91.95,False,3,10921.7,9726.0,-1202.0,0 days 00:01:27.382000
LEC,3288.3635264581076,146.0,96.0,False,3,11180.0,9772.020454622572,-1201.5269679200471,0 days 00:01:27.382000
LEC,3296.2924153469967,148.66666666666666,97.6,False,3,10954.4,9852.0,-1201.0,0 days 00:01:27.382000
LEC,3303.3390820136633,151.0,99.0,False,3,10757.0,9924.250948237006,-1197.8875794692267,0 days 00:01:27.382000
LEC,3303.803832033219,152.1000064,98.2666624,False,3,10777.2126176,9931.0,-1197.0,0 days 00:01:27.382000
LEC,3313.418332033219,172.2,84.86666666666666,False,3,11146.55,10087.0,-1167.0,0 days 00:01:27.382000
LEC,3314.77944314433,175.0,83.0,False,4,11198.0,10103.70534678218,-1162.9789863404096,0 days 00:01:27.382000
LEC,3328.77944314433,180.0,73.0,False,4,11487.0,10176.505996905811,-1130.6406360660076,0 days 00:01:27.382000
LEC,3332.40104314433,181.08,52.48,False,4,11368.56,10196.0,-1118.0,0 days 00:01:27.382000
LEC,3338.9077098109965,183.0,16.0,False,4,11158.0,10244.785069601096,-1088.0172581520505,0 days 00:01:27.382000
LEC,3344.413309732063,178.55999744,7.11999488,False,4,11037.00993024,10295.0,-1050.0,0 days 00:01:27.382000
LEC,3348.739698620952,175.0,0.0,True,4,10940.0,10336.593249838616,-1008.9550452552552,0 days 00:01:27.382000
LEC,3359.056333541587,160.0857142857143,0.0,True,4,11216.742857142857,10434.0,-889.0,0 days 00:01:27.382000
LEC,3361.14966687492,157.0,0.0,True,4,11274.0,10447.18633639105,-871.2182493744187,0 days 00:01:27.382000
LEC,3371.8052224304756,137.0,0.0,True,3,10137.0,10483.411348666092,-809.1945612768266,0 days 00:01:27.382000
LEC,3374.4729211946064,133.38493820654375,0.0,True,3,9768.86620736637,10492.0,-791.0,0 days 00:01:27.382000
LEC,3380.2715323057173,125.0,0.0,True,3,8915.0,10516.786867311952,-737.4596438112563,0 days 00:01:27.382000
LEC,3382.7470434687393,122.08000256,0.0,True,3,8746.37014784,10527.0,-713.0,0 days 00:01:27.382000
LEC,3384.0857101638503,120.48000256,0.0,True,3,8653.97014784,10532.0,-700.0,0 days 00:01:27.382000
LEC,3386.9132101638506,117.0,0.0,True,3,8453.0,10541.437408773696,-673.9509074337917,0 days 00:01:27.382000
LEC,3391.6906352454507,112.41000192,0.0,True,3,8322.9500544,10554.0,-627.0,0 days 00:01:27.382000
LEC,3393.1398019121175,111.0,0.0,True,3,8283.0,10557.101768571889,-608.9499662249527,0 days 00:01:27.382000
LEC,3399.946961737895,105.1750016,0.0,True,3,7376.241915733333,10566.0,-512.0,0 days 00:01:27.382000
LEC,3400.1511284045614,105.0,0.0,True,3,7349.0,10566.03785436468,-509.78922629155073,0 days 00:01:27.382000
LEC,3404.5511284045615,99.0,0.0,True,3,7131.0,10562.970539927865,-474.4582983503865,0 days 00:01:27.382000
LEC,3411.2308116345616,95.046876,9.4874976,True,3,7256.7093432,10539.0,-448.0,0 days 00:01:27.382000
LEC,3412.9802560790063,94.0,12.0,False,3,7290.0,10527.718880695715,-438.92234841930997,0 days 00:01:27.382000
LEC,3417.069144967895,92.0,20.0,False,3,7399.0,10492.029062612844,-414.2035643183479,0 days 00:01:27.382000
LEC,3417.9124783012285,92.0,21.6499968,False,3,7343.06510848,10483.0,-409.0,0 days 00:01:27.382000
LEC,3422.180256079006,92.0,30.0,False,3,7060.0,10430.788852633565,-382.493627261192,0 days 00:01:27.382000
LEC,3423.5195770666605,92.72222222222223,29.133333333333333,False,3,7068.377777777778,10417.0,-374.0,0 days 00:01:27.382000
LEC,3431.8184659555495,97.0,24.0,False,3,7118.0,10381.074181577567,-318.1426326720917,0 days 00:01:27.382000
LEC,3433.774836996565,96.47857188571429,21.653573485714286,False,3,7114.8714313142855,10379.0,-301.0,0 days 00:01:27.382000
LEC,3438.5083925521208,95.2,15.899999999999999,False,3,7107.2,10380.0,-252.0,0 days 00:01:27.382000
LEC,3439.24728144101,95.0,15.0,False,3,7106.0,10380.982109273335,-244.1380584054376,0 days 00:01:27.382000
LEC,3444.3139481076764,95.0,18.2,False,3,7351.6,10392.0,-191.0,0 days 00:01:27.382000
LEC,3445.580614774343,95.0,19.0,False,3,7413.0,10394.924264823956,-178.13989848863113,0 days 00:01:27.382000
LEC,3451.123040700269,94.11666666666666,28.716666666666665,False,3,7753.083333333333,10408.0,-123.0,0 days 00:01:27.382000
LEC,3451.8541518113802,94.0,30.0,False,3,7798.0,10409.875039810666,-115.77796164297892,0 days 00:01:27.382000
LEC,3456.486840811874,96.4027768888889,37.20833066666667,False,3,7620.194510222223,10422.0,-71.0,0 days 00:01:27.382000
LEC,3460.842164885948,98.61111111111111,43.833333333333336,False,3,7456.777777777777,10433.0,-29.0,0 days 00:01:27.382000
LEC,3461.612164885948,99.0,45.0,False,3,7428.0,10435.05578663239,-21.699808949117713,0 days 00:01:27.382000
LEC,3465.899127848911,101.53333333333333,50.06666666666667,False,3,7765.566666666667,10447.0,18.0,0 days 00:01:27.382000
LEC,3468.4169056266887,103.0,53.0,False,3,7961.0,10454.384220293923,42.4347297390738,0 days 00:01:27.382000
LEC,3473.5085100979677,106.56846567793279,56.56846567793279,False,3,8269.315434573393,10469.0,90.0,0 days 00:01:27.382000
LEC,3475.578510097968,108.0,58.0,False,3,8393.0,10474.498172905618,106.85070491915451,0 days 00:01:27.382000
LEC,3479.659510097968,111.3,37.54,False,3,8171.24,10486.0,140.0,0 days 00:01:27.382000
LEC,3481.7939545424124,113.0,27.0,True,3,8057.0,10493.695874565705,161.2462284796805,0 days 00:01:27.382000
LEC,3487.641421209079,109.64,14.04,True,3,7669.64,10518.0,227.0,0 days 00:01:27.382000
LEC,3493.765865653523,106.0,0.0,True,3,7250.0,10536.24932553515,277.4855762522684,0 days 00:01:27.382000
LEC,3496.376791579449,102.16666666666667,0.0,True,3,7097.688888888889,10543.0,297.0,0 days 00:01:27.382000
LEC,3503.1512360238935,91.0,0.0,True,3,6654.0,10558.690519984584,360.3858841567826,0 days 00:01:27.382000
LEC,3503.9601249127822,91.0,0.0,True,3,6640.2,10559.0,371.0,0 days 00:01:27.382000
LEC,3507.1956804683377,91.0,0.0,False,3,6585.0,10555.99886732018,420.5761980208029,0 days 00:01:27.382000
LEC,3508.49510269056,89.96,0.0,False,3,6526.11,10554.0,437.0,0 days 00:01:27.382000
LEC,3514.6166582461155,84.76,0.0,False,3,6231.66,10540.0,469.0,0 days 00:01:27.382000
LEC,3516.6455471350046,83.0,0.0,False,3,6132.0,10530.075023098472,481.5599533976942,0 days 00:01:27.382000
LEC,3522.4004221350046,82.2125,1.575,False,3,6134.3625,10488.0,528.0,0 days 00:01:27.382000
LEC,3523.9493110238936,82.0,2.0,False,3,6135.0,10474.937463905257,537.8674959255933,0 days 00:01:27.382000
LEC,3525.543195262116,80.8166656,6.536115199999999,False,3,6128.4916608,10461.0,547.0,0 days 00:01:27.382000
LEC,3529.0374915584125,78.13333333333334,16.82222222222222,False,3,6113.733333333334,10430.0,565.0,0 days 00:01:27.382000
LEC,3531.7397137806347,76.0,25.0,False,3,6102.0,10407.15907379188,577.4101418198886,0 days 00:01:27.382000
LEC,3535.4393063732273,77.43333333333334,35.75,False,3,6413.75,10371.0,594.0,0 days 00:01:27.382000
LEC,3536.9126397065606,78.0,40.0,False,3,6537.0,10351.640875159876,601.4702170910081,0 days 00:01:27.382000
LEC,3540.3343285954497,81.04,48.36,False,3,6523.32,10304.0,618.0,0 days 00:01:27.382000
LEC,3541.427661928783,82.0,51.0,False,3,6519.0,10290.53375675963,622.215744752886,0 days 00:01:27.382000
LEC,3549.605439706561,92.0,64.0,False,3,7596.0,10218.595248895044,639.6516732522655,0 days 00:01:27.382000
LEC,3550.4356619287832,93.4,64.6,False,3,7728.4,10212.0,641.0,0 days 00:01:27.382000
LEC,3553.9556619287832,99.0,67.0,False,3,8258.0,10185.963473041518,646.0946194561385,0 days 00:01:27.382000
LEC,3561.0592730398944,107.0,82.0,False,3,8710.0,10131.6078483062,654.5639995506424,0 days 00:01:27.382000
LEC,3561.447813538561,107.5958304,82.9208288,False,3,8780.3621536,10128.0,655.0,0 days 00:01:27.382000
LEC,3566.5557763711536,114.92916373333334,94.25416213333334,False,3,9646.3621536,10079.0,660.0,0 days 00:01:27.382000
LEC,3568.7518874822645,118.0,99.0,False,3,10009.0,10057.807030830323,661.6517339735208,0 days 00:01:27.382000
LEC,3575.696331926709,125.0,99.0,False,3,10491.0,9989.583440087723,665.1569110096219,0 days 00:01:27.382000
LEC,3577.575623546264,127.6499968,99.0,False,3,10635.29232576,9967.0,666.0,0 days 00:01:27.382000
LEC,3585.1818457684867,137.6,99.0,False,3,11177.07,9871.0,669.0,0 days 00:01:27.382000
LEC,3591.1429568795975,145.0,99.0,False,3,11580.0,9818.628119152563,670.6351107473434,0 days 00:01:27.382000
LEC,3596.0373568795976,157.32,99.0,False,3,11067.6,9775.0,672.0,0 days 00:01:27.382000
LEC,3600.11957910182,167.0,99.0,False,4,10665.0,9729.406619470574,673.3981002782215,0 days 00:01:27.382000
LEC,3604.534301324042,172.75,99.0,False,4,10906.5,9676.0,675.0,0 days 00:01:27.382000
LEC,3607.8776346573754,177.0,99.0,False,4,11085.0,9636.117668642555,676.162176406714,0 days 00:01:27.382000
LEC,3619.7826716944123,184.73333333333332,99.0,False,4,11859.3,9504.0,680.0,0 days 00:01:27.382000
LEC,3620.1937828055234,185.0,99.0,False,4,11886.0,9499.863931720343,680.129437021865,0 days 00:01:27.382000
LEC,3629.29190078419,189.3249984,99.0,False,4,11414.5751744,9410.0,683.0,0 days 00:01:27.382000
LEC,3630.7169007841903,190.0,99.0,False,4,11341.0,9392.913723805648,683.5020031158663,0 days 00:01:27.382000
LEC,3640.205567450857,198.6,99.0,False,4,11173.914285714285,9271.0,687.0,0 days 00:01:27.382000
LEC,3646.325567450857,204.0,99.0,False,5,11069.0,9207.146450010749,689.2073271243715,0 days 00:01:27.382000
LEC,3651.656456339746,208.6,99.0,False,5,11157.166666666666,9157.0,691.0,0 days 00:01:27.382000
LEC,3660.5364563397457,216.0,99.0,False,5,11299.0,9073.637044030813,693.6342763044391,0 days 00:01:27.382000
LEC,3664.892456339746,217.8,99.0,False,5,11349.85,9028.0,695.0,0 days 00:01:27.382000
LEC,3680.323567450857,224.0,99.0,False,5,11525.0,8841.673261384709,700.5287983919973,0 days 00:01:27.382000
LEC,3684.8498531651426,226.31428571428572,99.0,False,5,11326.228571428572,8794.0,702.0,0 days 00:01:27.382000
LEC,3698.3120753873645,233.0,99.0,False,5,10752.0,8689.462878833643,705.4650208923814,0 days 00:01:27.382000
LEC,3704.3192879200315,235.06483823478715,99.0,False,5,10836.887794096805,8640.0,707.0,0 days 00:01:27.382000
LEC,3714.99351205814,238.67830370925546,99.0,False,5,10985.441374713835,8535.0,710.0,0 days 00:01:27.382000
LEC,3724.942400947029,242.0,99.0,False,6,11122.0,8436.106896205481,712.9427489993802,0 days 00:01:27.382000
LEC,3732.536623169251,244.1,99.0,False,6,11208.1,8361.0,715.0,0 days 00:01:27.382000
LEC,3735.803289835918,245.0,99.0,False,6,11245.0,8328.552027250555,715.7807407899908,0 days 00:01:27.382000
LEC,3746.8699565025845,249.0,99.0,False,6,11454.0,8219.144169377565,718.016456403911,0 days 00:01:27.382000
LEC,3751.8653850740134,249.77142857142857,99.0,False,6,11513.142857142857,8169.0,719.0,0 days 00:01:27.382000
LEC,3761.5668404576327,251.26071497142857,99.0,False,6,11627.321481142857,8071.0,721.0,0 days 00:01:27.382000
LEC,3766.396840457633,252.0,99.0,False,6,11684.0,8022.929553391518,722.1189687123397,0 days 00:01:27.382000
LEC,3774.3065293465215,254.24,99.0,False,6,11649.28,7945.0,724.0,0 days 00:01:27.382000
LEC,3780.564307124299,256.0,99.0,False,6,11622.0,7882.461146384446,725.3604013791839,0 days 00:01:27.382000
LEC,3792.980318235411,259.87,99.0,False,6,11207.05,7758.0,728.0,0 days 00:01:27.382000
LEC,3809.163762679855,264.82,99.0,False,6,10676.3,7598.0,732.0,0 days 00:01:27.382000
LEC,3809.7526515687437,265.0,99.0,False,7,10657.0,7592.145891932838,732.1374368092945,0 days 00:01:27.382000
LEC,3813.5908614452874,265.72222222222223,99.0,False,7,10689.066666666668,7554.0,733.0,0 days 00:01:27.382000
LEC,3836.690861445287,270.0,99.0,False,7,10879.0,7324.03253005494,737.4191319505646,0 days 00:01:27.382000
LEC,3839.093909064334,270.34285714285716,99.0,False,7,10898.542857142857,7300.0,738.0,0 days 00:01:27.382000
LEC,3854.2320043024297,272.48571428571427,99.0,False,7,11020.685714285713,7149.0,742.0,0 days 00:01:27.382000
LEC,3857.87200430243,273.0,99.0,False,7,11050.0,7112.030807303013,742.6698201787787,0 days 00:01:27.382000
LEC,3866.3628436304302,275.3785728,99.0,False,7,11101.535744,7027.0,744.0,0 days 00:01:27.382000
LEC,3878.832676963764,278.8285714285714,99.0,False,7,11176.285714285714,6904.0,747.0,0 days 00:01:27.382000
LEC,3879.452676963763,279.0,99.0,False,7,11180.0,6896.828892501834,747.170663142509,0 days 00:01:27.382000
LEC,3903.9706769637633,282.9,99.0,False,7,11335.025,6572.0,754.0,0 days 00:01:27.382000
LEC,3904.5995658526517,283.0,99.0,False,7,11339.0,6565.79521833405,754.1278017938455,0 days 00:01:27.382000
LEC,3926.8440102970962,286.0,99.0,False,7,11471.0,6428.608986150951,757.127700271092,0 days 00:01:27.382000
LEC,3934.1646547415407,286.46,99.0,False,7,11509.64,6350.0,759.0,0 days 00:01:27.382000
LEC,3942.774654741541,287.0,99.0,False,7,11555.0,6212.4953344628875,762.2965643336105,0 days 00:01:27.382000
LEC,3951.747099185986,288.4,99.0,False,7,11586.733333333334,6062.0,766.0,0 days 00:01:27.382000
LEC,3962.0582102970957,290.0,99.0,False,7,11623.0,5936.595280095396,769.3365324578875,0 days 00:01:27.382000
LEC,3982.494164037557,291.9421962922918,99.0,False,7,11099.578099227363,5786.0,774.0,0 days 00:01:27.382000
LEC,4004.2991640375567,294.0,99.0,False,8,10545.0,5644.912142973546,778.554150091041,0 days 00:01:27.382000
LEC,4011.894164037557,294.0,99.0,False,8,10534.30500736,5574.0,781.0,0 days 00:01:27.382000
LEC,4020.63249737089,294.0,99.0,False,8,10522.0,5469.679866171204,784.6924620467198,0 days 00:01:27.382000
LEC,4034.7818862597787,296.15,99.0,False,8,10580.05,5295.0,791.0,0 days 00:01:27.382000
LEC,4040.3918862597784,297.0,99.0,False,8,10603.0,5244.550840887288,792.8578995884187,0 days 00:01:27.382000
LEC,4056.334286259779,298.92,99.0,False,8,10628.92,5129.0,797.0,0 days 00:01:27.382000
LEC,4056.9987307042234,299.0,99.0,False,8,10630.0,5123.297837577029,797.1874809701285,0 days 00:01:27.382000
LEC,4078.094105704223,301.3625,99.0,False,8,10732.375,4913.0,804.0,0 days 00:01:27.382000
LEC,4083.7985501486683,302.0,99.0,False,8,10760.0,4859.301020771604,806.0891547608996,0 days 00:01:27.382000
LEC,4093.2257824719,303.0181818181818,99.0,False,8,10791.818181818182,4762.0,810.0,0 days 00:01:27.382000
LEC,4118.704570350687,305.74545454545455,99.0,False,8,10877.045454545454,4389.0,823.0,0 days 00:01:27.382000
LEC,4121.0845703506875,306.0,99.0,False,8,10885.0,4365.634126420388,823.7726262821244,0 days 00:01:27.382000
LEC,4146.141414795132,308.92,99.0,False,8,11006.91,4235.0,828.0,0 days 00:01:27.382000
LEC,4155.441414795131,310.0,99.0,False,8,11052.0,4158.807396247243,830.8552881270817,0 days 00:01:27.382000
LEC,4170.32956757291,311.6125,99.0,False,8,11115.425,3994.0,837.0,0 days 00:01:27.382000
LEC,4183.197345350687,313.0,99.0,False,8,11170.0,3825.787167286856,842.8110456153165,0 days 00:01:27.382000
LEC,4191.2109286840205,313.575,99.0,False,8,11177.475,3733.0,846.0,0 days 00:01:27.382000
LEC,4197.1420397951315,314.0,99.0,False,8,11183.0,3678.4680589300683,847.9230392462158,0 days 00:01:27.382000
LEC,4218.275373128465,317.0,99.0,False,8,11288.0,3551.2620105917435,852.7205395161591,0 days 00:01:27.382000
LEC,4230.017376408173,317.82866020259894,99.0,False,8,11321.975068306556,3400.0,858.0,0 days 00:01:27.382000
LEC,4244.09856282087,318.819315004474,99.0,False,8,11362.591915183435,3135.0,867.0,0 days 00:01:27.382000
LEC,4246.668285043093,319.0,99.0,False,8,11370.0,3098.7286297669216,868.23952595844,0 days 00:01:27.382000
LEC,4264.44606282087,320.0,99.0,False,8,11395.0,2997.439685105494,871.8635396891146,0 days 00:01:27.382000
LEC,4276.126259366114,320.98250048,99.0,False,8,11433.31751872,2939.0,874.0,0 days 00:01:27.382000
LEC,4300.261537143892,323.0,99.0,False,8,11512.0,2680.0996109969506,882.9682181024486,0 days 00:01:27.382000
LEC,4303.135018625374,323.26666666666665,99.0,False,8,11518.4,2649.0,884.0,0 days 00:01:27.382000
LEC,4321.912796403151,325.0,99.0,False,8,11560.0,2473.067973836244,889.5710223832017,0 days 00:01:27.382000
LEC,4332.041329736486,325.56,99.0,False,8,11573.44,2379.0,893.0,0 days 00:01:27.382000
LEC,4340.010218625374,326.0,99.0,False,8,11584.0,2299.4198633133988,896.3133703607243,0 days 00:01:27.382000
LEC,4346.447442397819,326.3944448,99.0,False,8,11605.4972416,2234.0,899.0,0 days 00:01:27.382000
LEC,4371.954664647696,327.9500003555556,99.0,False,8,11690.275019377777,1980.0,907.0,0 days 00:01:27.382000
LEC,4372.774664647695,328.0,99.0,False,8,11693.0,1971.7222816267385,907.193071699727,0 days 00:01:27.382000
LEC,4392.14223872177,328.8833333333333,99.0,False,8,11715.083333333334,1779.0,911.0,0 days 00:01:27.382000
LEC,4394.701127610658,329.0,99.0,False,8,11718.0,1755.6505899111821,911.5079304676794,0 days 00:01:27.382000
LEC,4409.412238721769,331.0,99.0,False,8,11767.0,1611.0868868313873,914.7225475517505,0 days 00:01:27.382000
LEC,4410.515772055102,331.06,99.0,False,8,11768.5,1596.0,915.0,0 days 00:01:27.382000
LEC,4427.85354983288,332.0,99.0,False,8,11792.0,1299.4415323697556,919.7334316575121,0 days 00:01:27.382000
LEC,4428.960216499547,332.0,99.0,False,8,11792.9,1283.0,920.0,0 days 00:01:27.382000
LEC,4446.297994277324,332.0,99.0,False,8,11807.0,1114.335911229058,923.1436850324742,0 days 00:01:27.382000
LEC,4472.197994277324,333.0,99.0,False,8,11863.0,979.5091876080398,926.4648243884396,0 days 00:01:27.382000
LEC,4475.066829002302,333.15500032,99.0,False,8,11863.0,950.0,927.0,0 days 00:01:27.382000
LEC,4490.746273446746,334.0,99.0,False,8,11863.0,745.5615584266372,930.399312218386,0 days 00:01:27.382000
LEC,4493.71634752082,334.1333333333333,99.0,False,8,11867.533333333333,709.0,931.0,0 days 00:01:27.382000
LEC,4513.071903076376,335.0,99.0,False,8,11897.0,530.7519319768098,934.0199035433839,0 days 00:01:27.382000
LEC,4532.8308919652645,335.53,99.0,False,8,11905.48,375.0,937.0,0 days 00:01:27.382000
LEC,4547.761114187487,335.93,99.0,False,8,11911.88,225.0,940.0,0 days 00:01:27.382000
LEC,4550.3744475208205,336.0,99.0,False,8,11913.0,198.5233077477578,940.4842543499145,0 days 00:01:27.382000
LEC,4564.601225298598,336.95,99.0,False,8,11974.75,57.0,943.0,0 days 00:01:27.382000
LEC,4565.350114187487,337.0,99.0,False,8,11978.0,49.575664124117544,943.1506738196673,0 days 00:01:27.382000
LEC,4583.9234475208195,336.0,99.0,False,8,11969.0,-135.2337411218527,947.3846141084623,0 days 00:01:27.382000
LEC,4587.004960017886,336.16499968,99.0,False,8,11972.13499392,-166.0,948.0,0 days 00:01:27.382000
LEC,4602.638015573442,337.0,99.0,False,8,11988.0,-322.24385713532115,950.5074044256652,0 days 00:01:27.382000
LEC,4609.476913386268,337.2607140571429,99.0,False,8,11992.171424914286,-390.0,952.0,0 days 00:01:27.382000
LEC,4613.225841955156,337.4035712,99.0,False,8,11994.4571392,-427.0,953.0,0 days 00:01:27.382000
LEC,4628.905286399601,338.0,99.0,False,8,12004.0,-588.1098635115642,956.0949138636538,0 days 00:01:27.382000
LEC,4633.787508621824,338.0,99.0,False,8,12012.125,-634.0,957.0,0 days 00:01:27.382000
LEC,4643.927508621823,338.0,99.0,False,8,12029.0,-717.0723948508667,959.0894519231158,0 days 00:01:27.382000
LEC,4654.536953066267,338.0,99.0,False,8,12017.7000064,-816.0,964.0,0 days 00:01:27.382000
LEC,4662.705286399601,338.0,99.0,False,8,12009.0,-922.1481515338896,971.4413907235223,0 days 00:01:27.382000
LEC,4682.703619732935,338.0,99.0,False,8,11995.687504,-1228.0,997.0,0 days 00:01:27.382000
LEC,4685.238619732935,338.0,99.0,False,8,11994.0,-1260.8917983945553,999.9812078715175,0 days 00:01:27.382000
LEC,4717.638619732935,324.0,4.0,True,8,11608.0,-1559.2923840488147,1030.9768092526667,0 days 00:01:27.382000
LEC,4722.18717528849,314.9,2.96,True,8,11535.2,-1588.0,1034.0,0 days 00:01:27.382000
LEC,4734.068286399601,289.0,0.0,True,8,11328.0,-1654.754282064885,1040.5771830664432,0 days 00:01:27.382000
LEC,4742.745797510713,278.92,0.0,True,8,11053.04,-1712.0,1046.0,0 days 00:01:27.382000
LEC,4749.370241955156,271.0,0.0,True,8,10837.0,-1771.3950816302872,1051.7078862789447,0 days 00:01:27.382000
LEC,4760.74294565886,238.03333333333333,0.0,True,8,11018.316666666668,-1902.0,1064.0,0 days 00:01:27.382000
LEC,4764.992945658861,225.0,0.0,True,8,11090.0,-1946.5580459614437,1067.8524468479054,0 days 00:01:27.382000
LEC,4775.550036567951,197.94545454545454,0.0,True,8,10747.89090909091,-2053.0,1076.0,0 days 00:01:27.382000
LEC,4778.708218386133,189.4909090909091,0.0,True,8,10640.981818181817,-2083.0,1078.0,0 days 00:01:27.382000
LEC,4787.220440608356,163.0,0.0,True,5,10306.0,-2167.424974316037,1080.0291281045918,0 days 00:01:27.382000
LEC,4788.645625793541,160.33333333333334,0.0,True,5,10247.466666666667,-2181.0,1080.0,0 days 00:01:27.382000
LEC,4796.662362202429,143.58333866666666,0.0,True,5,9879.804283733334,-2263.0,1078.0,0 days 00:01:27.382000
LEC,4796.9404177579845,143.0,0.0,True,4,9867.0,-2265.7361767342695,1077.8479718423444,0 days 00:01:27.382000
LEC,4805.107639980207,122.0,0.0,True,4,10191.0,-2354.8881949501783,1068.8380656210547,0 days 00:01:27.382000
LEC,4806.8416955357625,120.05,0.0,True,4,10040.416666666666,-2373.0,1066.0,0 days 00:01:27.382000
LEC,4812.742806646873,113.0,0.0,True,2,9496.0,-2434.4567205076246,1053.7822346946111,0 days 00:01:27.382000
LEC,4813.11767331354,112.46,0.0,True,2,9456.94,-2438.0,1053.0,0 days 00:01:27.382000
LEC,4816.08781073434,108.00499712,0.0,True,2,9134.69479168,-2466.0,1046.0,0 days 00:01:27.382000
LEC,4823.7141996232285,95.0,0.0,True,2,8194.0,-2558.3049331823095,998.4790892592644,0 days 00:01:27.382000
LEC,4826.086835019672,93.8624992,0.0,True,2,7983.562352,-2581.0,981.0,0 days 00:01:27.382000
LEC,4829.8946127974505,92.0,0.0,True,2,7639.0,-2605.514185953372,953.5736260306477,0 days 00:01:27.382000
LEC,4833.583501686339,83.0,0.0,True,2,6756.0,-2620.1006859697677,927.6932194882982,0 days 00:01:27.382000
LEC,4833.8593350196725,82.75,0.0,True,2,6710.2,-2621.0,926.0,0 days 00:01:27.382000
LEC,4838.799335019672,78.0,0.0,False,2,5840.0,-2633.0014348695886,900.0214808036397,0 days 00:01:27.382000
LEC,4842.34623779745,74.2375,0.0,False,2,5907.1875,-2636.0,869.0,0 days 00:01:27.382000
LEC,4845.265126686339,71.0,0.0,False,2,5965.0,-2634.6047565511117,823.9068022507821,0 days 00:01:27.382000
LEC,4847.838210019672,70.175,9.4875,False,2,6144.025,-2632.0,789.0,0 days 00:01:27.382000
LEC,4851.441543353006,69.0,23.0,False,2,6399.0,-2628.060716997132,772.2054204904442,0 days 00:01:27.382000
LEC,4852.441965575228,69.26,27.16,False,2,6450.74,-2626.0,767.0,0 days 00:01:27.382000
LEC,4855.319743353006,70.0,39.0,False,2,6598.0,-2616.6892548684305,741.7302515845076,0 days 00:01:27.382000
LEC,4857.562854464117,72.1,42.5,False,2,6676.4,-2607.0,719.0,0 days 00:01:27.382000
LEC,4858.53618779745,73.0,44.0,False,2,6710.0,-2602.3075771711306,709.7137670988611,0 days 00:01:27.382000
LEC,4862.188321130783,76.44,44.0,False,2,7123.66,-2584.0,679.0,0 days 00:01:27.382000
LEC,4862.787210019672,77.0,44.0,False,2,7191.0,-2581.1057762284636,674.4630440390943,0 days 00:01:27.382000
LEC,4868.120543353005,80.0,54.0,False,2,7768.0,-2550.4770348163497,634.6604894805985,0 days 00:01:27.382000
LEC,4868.841610019672,81.12,54.8,False,2,7843.84,-2543.0,627.0,0 days 00:01:27.382000
LEC,4872.901610019672,87.0,59.0,False,2,8242.0,-2493.7467404522117,580.4893236397272,0 days 00:01:27.382000
LEC,4873.192610019672,87.3,59.3,False,2,8278.6,-2491.0,578.0,0 days 00:01:27.382000
LEC,4879.082610019672,93.0,65.0,False,2,8974.0,-2466.6294596779576,558.6600135501866,0 days 00:01:27.382000
LEC,4880.4578655752275,95.21,67.47,False,2,8936.17,-2459.0,553.0,0 days 00:01:27.382000
LEC,4887.485198908561,105.41,78.87,False,2,8761.57,-2397.0,506.0,0 days 00:01:27.382000
LEC,4890.785198908561,110.0,84.0,False,3,8683.0,-2368.643865641983,487.31955633324725,0 days 00:01:27.382000
LEC,4895.127233791423,118.41913316896463,88.51024991194534,False,3,9284.968021580971,-2335.0,468.0,0 days 00:01:27.382000
LEC,4904.835308994377,134.9384970294674,97.35990912292897,False,3,10466.10253760692,-2255.0,426.0,0 days 00:01:27.382000
LEC,4906.675308994376,138.0,99.0,False,3,10685.0,-2232.5661801443057,412.9067005745214,0 days 00:01:27.382000
LEC,4912.8050373894375,145.17777777777778,99.0,False,3,11116.511111111111,-2157.0,367.0,0 days 00:01:27.382000
LEC,4921.760592944993,155.0,99.0,False,3,11707.0,-2111.8259134398695,338.40528341593495,0 days 00:01:27.382000
LEC,4929.5770373894375,163.6,99.0,False,3,11458.89,-2055.0,302.0,0 days 00:01:27.382000
LEC,4938.207037389437,172.6,99.0,False,3,11199.24,-1934.0,226.0,0 days 00:01:27.382000
LEC,4940.54037072277,175.0,99.0,False,4,11130.0,-1908.5104965498672,210.21051552806543,0 days 00:01:27.382000
LEC,4950.707037389437,183.0,99.0,False,4,11474.0,-1852.4123776721895,177.37768819509782,0 days 00:01:27.382000
LEC,4958.755474776103,189.37499733333334,99.0,False,4,11159.500131555556,-1809.0,159.0,0 days 00:01:27.382000
LEC,4970.1404747761035,198.0,99.0,False,4,10734.0,-1710.6248088454772,123.07032433184192,0 days 00:01:27.382000
LEC,4976.444148336992,200.8249984,99.0,False,4,10878.545751466667,-1648.0,106.0,0 days 00:01:27.382000
LEC,4983.640815003659,204.0,99.0,False,5,11041.0,-1577.262593073738,93.0043187629985,0 days 00:01:27.382000
LEC,4984.32192611477,204.33333333333334,99.0,False,5,11062.466666666667,-1571.0,92.0,0 days 00:01:27.382000
LEC,4994.788592781437,209.33333333333334,99.0,False,5,11384.466666666667,-1472.0,86.0,0 days 00:01:27.382000
LEC,5004.775259448103,214.0,99.0,False,5,11685.0,-1301.5975891511268,117.11786768418848,0 days 00:01:27.382000
LEC,5007.942535221563,215.1357129142857,99.0,False,5,11579.000128,-1256.0,127.0,0 days 00:01:27.382000
LEC,5021.814757443785,220.0,99.0,False,5,11125.0,-1178.5772884055827,147.15855611259428,0 days 00:01:27.382000
LEC,5031.303577144429,224.73520343630224,99.0,False,5,10867.404933065158,-1115.0,178.0,0 days 00:01:27.382000
LEC,5042.100799366652,230.0,99.0,False,6,10581.0,-952.8183523640216,253.6413461325536,0 days 00:01:27.382000
LEC,5049.2637681577635,232.31250133333333,99.0,False,6,10694.312565333334,-851.0,301.0,0 days 00:01:27.382000
LEC,5057.684601491097,235.0,99.0,False,6,10826.0,-778.6826123537551,334.9040754317409,0 days 00:01:27.382000
LEC,5068.351268157763,240.0,99.0,False,6,10934.0,-722.3172591565226,362.0442947388657,0 days 00:01:27.382000
LEC,5070.422383907689,240.51666773333332,99.0,False,6,10969.779240533333,-708.0,369.0,0 days 00:01:27.382000
LEC,5084.587939463244,244.0,99.0,False,6,11211.0,-583.0125234312272,429.7804018637418,0 days 00:01:27.382000
LEC,5089.4281672662655,245.42000128,99.0,False,6,11277.74006016,-538.0,451.0,0 days 00:01:27.382000
LEC,5098.314833932933,248.0,99.0,False,6,11399.0,-458.53875988590767,486.7813092561611,0 days 00:01:27.382000
LEC,5099.1421005996,248.18,99.0,False,6,11408.9,-451.0,490.0,0 days 00:01:27.382000
LEC,5112.249878377378,251.0,99.0,False,6,11564.0,-329.49365946527473,537.387626716934,0 days 00:01:27.382000
LEC,5113.087545044044,251.3,99.0,False,6,11553.242857142857,-322.0,540.0,0 days 00:01:27.382000
LEC,5132.294211710711,258.0,99.0,False,6,11313.0,-146.68438958006263,585.7623438645182,0 days 00:01:27.382000
LEC,5134.587545044044,258.0,99.0,False,6,11164.733333333334,-116.0,591.0,0 days 00:01:27.382000
LEC,5147.415878377378,258.0,99.0,False,6,10335.366370133333,83.0,619.0,0 days 00:01:27.382000
LEC,5149.494211710711,258.0,99.0,False,7,10201.0,107.10536412371768,621.9249340407516,0 days 00:01:27.382000
LEC,5169.240428327762,262.31136465454546,99.0,False,7,10491.093250327272,229.0,629.0,0 days 00:01:27.382000
LEC,5181.68070610554,265.0,99.0,False,7,10672.0,348.0789677883054,631.839006664221,0 days 00:01:27.382000
LEC,5191.4427477722065,266.2375,99.0,False,7,10742.125,449.0,632.0,0 days 00:01:27.382000
LEC,5204.838997772207,267.925,99.0,False,7,10837.75,581.0,622.0,0 days 00:01:27.382000
LEC,5205.434553327763,268.0,99.0,False,7,10842.0,588.7451528265285,620.8473653243036,0 days 00:01:27.382000
LEC,5222.830257031466,269.93333333333334,99.0,False,7,10842.966666666667,860.0,568.0,0 days 00:01:27.382000
LEC,5223.430257031466,270.0,99.0,False,7,10843.0,867.3792101296434,566.4055488577426,0 days 00:01:27.382000
LEC,5238.430257031466,270.0,99.0,False,7,10914.0,975.1937208119069,539.97066505171,0 days 00:01:27.382000
LEC,5250.6524792536875,275.0,99.0,False,7,11117.0,1029.7151837319457,518.1098057841475,0 days 00:01:27.382000
LEC,5256.1794792536875,276.35,99.0,False,7,11149.85,1080.0,499.0,0 days 00:01:27.382000
LEC,5262.975034809243,278.0,99.0,False,7,11190.0,1163.3499165902374,467.7796029127944,0 days 00:01:27.382000
LEC,5276.334298698132,279.6125,99.0,False,7,11249.6625,1340.0,401.0,0 days 00:01:27.382000
LEC,5287.886520920354,281.0,99.0,False,7,11301.0,1415.1147309772496,368.89339809024017,0 days 00:01:27.382000
LEC,5296.650520920353,281.7,99.0,False,7,11294.7,1462.0,345.0,0 days 00:01:27.382000
LEC,5300.4105209203535,282.0,99.0,False,7,11292.0,1487.9140720967532,331.4691265499449,0 days 00:01:27.382000
LEC,5319.343854253688,284.0,99.0,False,7,11414.0,1656.4745374067777,240.1641031977568,0 days 00:01:27.382000
LEC,5323.455524410611,284.65408778703386,99.0,False,7,11419.559746189787,1693.0,219.0,0 days 00:01:27.382000
LEC,5331.956079966167,286.0,99.0,False,7,11431.0,1765.2525972922683,175.35290781323715,0 days 00:01:27.382000
LEC,5332.989109230802,286.0696425142857,99.0,False,7,11434.029449371428,1774.0,170.0,0 days 00:01:27.382000
LEC,5345.821352317024,286.93214354285715,99.0,False,7,11471.548244114285,1883.782966952904,102.4583593861142,0 days 00:01:27.382000
